OBJECTID,NRI ID,State,State FIPS,County,County Type,County FIPS,Tract FIPS,GEOID20,Shape__Area,Shape__Length,CDRZ Designation Date,namelsad
755,T02063000300,Alaska,`02,Chugach,Census Area,63,000300,02063000300,45458902254,8621730.787,20-Nov-24,Chenega ANVSA
756,T02130000200,Alaska,02,Ketchikan Gateway,Borough,130,000200,02130000200,48852669.85,59300.95299,20-Nov-24,Ketchikan ANVSA
757,T02185000100,Alaska,02,North Slope,Borough,185,000100,02185000100,2487546260,352566.8073,20-Nov-24,Barrow ANVSA
758,T02185000200,Alaska,02,North Slope,Borough,185,000200,02185000200,1.77292E+12,15976249.82,20-Nov-24,Naqsragmiut
759,T02185000300,Alaska,02,North Slope,Borough,185,000300,02185000300,72841215631,2633197.238,20-Nov-24,Inupiat
760,T06033001302,California,06,Lake,County,033,001302,06033001302,509404413.2,136483.1353,20-Nov-24,Middletown
761,T06073021304,California,06,San Diego,County,073,021304,06073021304,113917396,52864.36502,20-Nov-24,Jamul
762,T16021970100,Idaho,16,Boundary,County,021,970100,16021970100,2192181084,277423.961,20-Nov-24,Kootenai
763,T16021970200,Idaho,16,Boundary,County,021,970200,16021970200,5420230758,434929.0548,20-Nov-24,Kootenai
764,T20177003605,Kansas,20,Shawnee,County,177,003605,20177003605,31482077.54,30933.11035,20-Nov-24,Prairie Band
765,T26025002800,Michigan,26,Calhoun,County,025,002800,26025002800,340234435.5,78211.99552,20-Nov-24,Nottawaseppi Huron Band of the Potawatomi
766,T30053000500,Montana,30,Lincoln,County,053,000500,30053000500,6218464941,487725.2341,20-Nov-24,Kootenai
767,T32031002801,Nevada,32,Washoe,County,031,002801,32031002801,5494935.219,12706.14099,20-Nov-24,Paiute Tribe
768,T40015162200,Oklahoma,40,Caddo,County,015,162200,40015162200,488320248.4,105803.6365,20-Nov-24,Comanche Nation
769,T40019892601,Oklahoma,40,Carter,County,019,892601,40019892601,3897620.055,8060.446567,20-Nov-24,Chickasaw
770,T40031001700,Oklahoma,40,Comanche,County,031,001700,40031001700,2944040.246,7481.521484,20-Nov-24,Comanche Nation
771,T40031001901,Oklahoma,40,Comanche,County,031,001901,40031001901,9016238.207,18694.75098,20-Nov-24,Comanche Nation
772,T40031001902,Oklahoma,40,Comanche,County,031,001902,40031001902,63174552.89,50065.22078,20-Nov-24,Comanche Nation
773,T40031002001,Oklahoma,40,Comanche,County,031,002001,40031002001,46114046.33,33048.83643,20-Nov-24,Comanche Nation
774,T40031002005,Oklahoma,40,Comanche,County,031,002005,40031002005,59852939.86,43392.35553,20-Nov-24,Comanche Nation
775,T40031002102,Oklahoma,40,Comanche,County,031,002102,40031002102,503567556.2,105517.7513,20-Nov-24,Comanche Nation
776,T40031002201,Oklahoma,40,Comanche,County,031,002201,40031002201,206586407,64994.902,20-Nov-24,Comanche Nation
777,T40031002202,Oklahoma,40,Comanche,County,031,002202,40031002202,930550954,144812.4862,20-Nov-24,Comanche Nation
778,T40031002301,Oklahoma,40,Comanche,County,031,002301,40031002301,668870186.4,148272.7764,20-Nov-24,Comanche Nation
779,T40031002302,Oklahoma,40,Comanche,County,031,002302,40031002302,429393018.4,101507.9792,20-Nov-24,Comanche Nation
780,T40031002500,Oklahoma,40,Comanche,County,031,002500,40031002500,4034233.387,9875.418458,20-Nov-24,Comanche Nation
781,T40033871100,Oklahoma,40,Cotton,County,033,871100,40033871100,1180482599,193377.8962,20-Nov-24,Comanche Nation
782,T40033871200,Oklahoma,40,Cotton,County,033,871200,40033871200,1261101169,202003.2432,20-Nov-24,Comanche Nation
783,T40037020603,Oklahoma,40,Creek,County,037,020603,40037020603,38381571.2,40569.98464,20-Nov-24,Creek Nation
784,T40037020604,Oklahoma,40,Creek,County,037,020604,40037020604,85633608.32,50623.55771,20-Nov-24,Creek Nation
785,T40037020702,Oklahoma,40,Creek,County,037,020702,40037020702,691412853.4,150526.2166,20-Nov-24,Creek Nation
786,T40037020900,Oklahoma,40,Creek,County,037,020900,40037020900,132073112.6,61751.79476,20-Nov-24,Creek Nation
787,T40037021000,Oklahoma,40,Creek,County,037,021000,40037021000,189364722.6,82176.91577,20-Nov-24,Creek Nation
788,T40037021101,Oklahoma,40,Creek,County,037,021101,40037021101,901415621.8,150843.3936,20-Nov-24,Creek Nation
789,T40037021102,Oklahoma,40,Creek,County,037,021102,40037021102,356563829.2,107136.6703,20-Nov-24,Creek Nation
790,T40037021500,Oklahoma,40,Creek,County,037,021500,40037021500,155891461.5,68793.67009,20-Nov-24,Creek Nation
791,T40049681400,Oklahoma,40,Garvin,County,049,681400,40049681400,372123303.7,125085.5486,20-Nov-24,Chickasaw
792,T40063484600,Oklahoma,40,Hughes,County,063,484600,40063484600,712142802.3,152115.9311,20-Nov-24,Creek Nation
793,T40063484700,Oklahoma,40,Hughes,County,063,484700,40063484700,1318405583,232073.2524,20-Nov-24,Creek Nation
794,T40063484800,Oklahoma,40,Hughes,County,063,484800,40063484800,64551822.48,36079.34932,20-Nov-24,Creek Nation
795,T40063484900,Oklahoma,40,Hughes,County,063,484900,40063484900,25916906.67,22037.33588,20-Nov-24,Creek Nation
796,T40069660201,Oklahoma,40,Johnston,County,069,660201,40069660201,117724715.5,54345.83719,20-Nov-24,Chickasaw
797,T40075963700,Oklahoma,40,Kiowa,County,075,963700,40075963700,621820008.6,124754.4756,20-Nov-24,Comanche Nation
798,T40085094200,Oklahoma,40,Love,County,085,094200,40085094200,1030367608,248140.5091,20-Nov-24,Chickasaw
799,T40087400104,Oklahoma,40,McClain,County,087,400104,40087400104,73248555.48,36371.51544,20-Nov-24,Chickasaw
800,T40087400105,Oklahoma,40,McClain,County,087,400105,40087400105,45660160.24,28411.04675,20-Nov-24,Chickasaw
801,T40091779601,Oklahoma,40,McIntosh,County,091,779601,40091779601,73381769.49,52184.11766,20-Nov-24,Creek Nation
802,T40091779602,Oklahoma,40,McIntosh,County,091,779602,40091779602,569980610.9,133536.7758,20-Nov-24,Creek Nation
803,T40091779700,Oklahoma,40,McIntosh,County,091,779700,40091779700,63328382.75,37276.09386,20-Nov-24,Creek Nation
804,T40091779900,Oklahoma,40,McIntosh,County,091,779900,40091779900,1223748474,217489.544,20-Nov-24,Creek Nation
805,T40091780100,Oklahoma,40,McIntosh,County,091,780100,40091780100,443792727,120889.0681,20-Nov-24,Creek Nation
806,T40091780200,Oklahoma,40,McIntosh,County,091,780200,40091780200,99041624.89,56732.74444,20-Nov-24,Creek Nation
807,T40091780302,Oklahoma,40,McIntosh,County,091,780302,40091780302,163505027.2,68231.45113,20-Nov-24,Creek Nation
808,T40095094805,Oklahoma,40,Marshall,County,095,094805,40095094805,95236472.36,66481.29055,20-Nov-24,Chickasaw
809,T40099790702,Oklahoma,40,Murray,County,099,790702,40099790702,591029848.7,131328.2101,20-Nov-24,Chickasaw
810,T40099790801,Oklahoma,40,Murray,County,099,790801,40099790801,41185216.9,32536.81727,20-Nov-24,Chickasaw
811,T40099790802,Oklahoma,40,Murray,County,099,790802,40099790802,128950329.4,65672.0142,20-Nov-24,Chickasaw
812,T40101000400,Oklahoma,40,Muskogee,County,101,000400,40101000400,20861584.3,39578.70941,20-Nov-24,Creek Nation
813,T40101000600,Oklahoma,40,Muskogee,County,101,000600,40101000600,67227534.25,55394.40622,20-Nov-24,Creek Nation
814,T40101000802,Oklahoma,40,Muskogee,County,101,000802,40101000802,8870568.992,12960.96155,20-Nov-24,Creek Nation
815,T40101000902,Oklahoma,40,Muskogee,County,101,000902,40101000902,5716899.668,14260.60049,20-Nov-24,Creek Nation
816,T40101001100,Oklahoma,40,Muskogee,County,101,001100,40101001100,565556763,114197.6708,20-Nov-24,Creek Nation
817,T40101001200,Oklahoma,40,Muskogee,County,101,001200,40101001200,263250134.7,102761.9973,20-Nov-24,Creek Nation
818,T40101001600,Oklahoma,40,Muskogee,County,101,001600,40101001600,507360364.5,134528.4044,20-Nov-24,Creek Nation
819,T40107080600,Oklahoma,40,Okfuskee,County,107,080600,40107080600,1227182312,261650.949,20-Nov-24,Creek Nation
820,T40107080700,Oklahoma,40,Okfuskee,County,107,080700,40107080700,614251683.2,148167.3147,20-Nov-24,Creek Nation
821,T40107080900,Oklahoma,40,Okfuskee,County,107,080900,40107080900,103863509.9,50871.44016,20-Nov-24,Thlopthlocco Tribal Town
822,T40107081000,Oklahoma,40,Okfuskee,County,107,081000,40107081000,515005838.2,138021.2439,20-Nov-24,Creek Nation
823,T40109108802,Oklahoma,40,Oklahoma,County,109,108802,40109108802,35137374.88,23704.03364,20-Nov-24,Citizen Potawatomi Nation-Absentee Shawnee
824,T40111000300,Oklahoma,40,Okmulgee,County,111,000300,40111000300,28174513.62,31182.36583,20-Nov-24,Creek Nation
825,T40111000400,Oklahoma,40,Okmulgee,County,111,000400,40111000400,41851550.84,38814.29184,20-Nov-24,Creek Nation
826,T40111000500,Oklahoma,40,Okmulgee,County,111,000500,40111000500,749751314.5,199339.0946,20-Nov-24,Creek Nation
827,T40111000601,Oklahoma,40,Okmulgee,County,111,000601,40111000601,240338307.3,62006.35072,20-Nov-24,Creek Nation
828,T40111000602,Oklahoma,40,Okmulgee,County,111,000602,40111000602,347235966.3,76329.55898,20-Nov-24,Creek Nation
829,T40111000700,Oklahoma,40,Okmulgee,County,111,000700,40111000700,648379115.6,122389.8283,20-Nov-24,Creek Nation
830,T40111000800,Oklahoma,40,Okmulgee,County,111,000800,40111000800,390860053.6,132497.452,20-Nov-24,Creek Nation
831,T40111000901,Oklahoma,40,Okmulgee,County,111,000901,40111000901,156014207.4,78115.22683,20-Nov-24,Creek Nation
832,T40111000902,Oklahoma,40,Okmulgee,County,111,000902,40111000902,112319536.4,49390.33753,20-Nov-24,Creek Nation
833,T40123088600,Oklahoma,40,Pontotoc,County,123,088600,40123088600,522389284.9,141121.6537,20-Nov-24,Chickasaw
834,T40123088700,Oklahoma,40,Pontotoc,County,123,088700,40123088700,506664197.3,135859.683,20-Nov-24,Chickasaw
835,T40123088801,Oklahoma,40,Pontotoc,County,123,088801,40123088801,47473287.81,32837.99011,20-Nov-24,Chickasaw
836,T40123088802,Oklahoma,40,Pontotoc,County,123,088802,40123088802,72129061.98,43937.18394,20-Nov-24,Chickasaw
837,T40123088900,Oklahoma,40,Pontotoc,County,123,088900,40123088900,6301834.199,10532.38131,20-Nov-24,Chickasaw
838,T40123089000,Oklahoma,40,Pontotoc,County,123,089000,40123089000,130658847.9,73269.02007,20-Nov-24,Chickasaw
839,T40123089100,Oklahoma,40,Pontotoc,County,123,089100,40123089100,6928795.344,13571.47758,20-Nov-24,Chickasaw
840,T40123089200,Oklahoma,40,Pontotoc,County,123,089200,40123089200,2910482.848,6912.681547,20-Nov-24,Chickasaw
841,T40123089300,Oklahoma,40,Pontotoc,County,123,089300,40123089300,7754285.371,12272.12923,20-Nov-24,Chickasaw
842,T40125500200,Oklahoma,40,Pottawatomie,County,125,500200,40125500200,19784605.61,23590.49081,20-Nov-24,Citizen Potawatomi Nation-Absentee Shawnee
843,T40125501003,Oklahoma,40,Pottawatomie,County,125,501003,40125501003,156856569,53613.67068,20-Nov-24,Citizen Potawatomi Nation-Absentee Shawnee
844,T40125501004,Oklahoma,40,Pottawatomie,County,125,501004,40125501004,169469225.3,60307.35331,20-Nov-24,Citizen Potawatomi Nation-Absentee Shawnee
845,T40125501005,Oklahoma,40,Pottawatomie,County,125,501005,40125501005,92555014.26,42692.10156,20-Nov-24,Citizen Potawatomi Nation-Absentee Shawnee
846,T40125501101,Oklahoma,40,Pottawatomie,County,125,501101,40125501101,133520156.5,61815.7676,20-Nov-24,Citizen Potawatomi Nation-Absentee Shawnee
847,T40125501104,Oklahoma,40,Pottawatomie,County,125,501104,40125501104,325268688.3,75137.71103,20-Nov-24,Citizen Potawatomi Nation-Absentee Shawnee
848,T40125501300,Oklahoma,40,Pottawatomie,County,125,501300,40125501300,774929709.9,159963.8065,20-Nov-24,Citizen Potawatomi Nation-Absentee Shawnee
849,T40131050502,Oklahoma,40,Rogers,County,131,050502,40131050502,117429836.2,56442.09416,20-Nov-24,Creek Nation
850,T40133583100,Oklahoma,40,Seminole,County,133,583100,40133583100,416178754.4,136639.9522,20-Nov-24,Creek Nation
851,T40133583600,Oklahoma,40,Seminole,County,133,583600,40133583600,99997030.05,45719.35838,20-Nov-24,Creek Nation
852,T40137000101,Oklahoma,40,Stephens,County,137,000101,40137000101,25923278.48,23512.19496,20-Nov-24,Chickasaw
853,T40137000800,Oklahoma,40,Stephens,County,137,000800,40137000800,663438661,188850.0925,20-Nov-24,Chickasaw
854,T40141070500,Oklahoma,40,Tillman,County,141,070500,40141070500,1079747042,161613.807,20-Nov-24,Comanche Nation
855,T40143007411,Oklahoma,40,Tulsa,County,143,007411,40143007411,3901055.141,7905.130643,20-Nov-24,Creek Nation
856,T40143007641,Oklahoma,40,Tulsa,County,143,007641,40143007641,2261919.566,6887.573135,20-Nov-24,Creek Nation
857,T40143007703,Oklahoma,40,Tulsa,County,143,007703,40143007703,104124458.8,48913.76955,20-Nov-24,Creek Nation
858,T40143007707,Oklahoma,40,Tulsa,County,143,007707,40143007707,15963369.03,15978.80675,20-Nov-24,Creek Nation
859,T40143007801,Oklahoma,40,Tulsa,County,143,007801,40143007801,57595142.88,44849.25851,20-Nov-24,Creek Nation
860,T40143007804,Oklahoma,40,Tulsa,County,143,007804,40143007804,127454257.4,56785.85517,20-Nov-24,Creek Nation
861,T40145030300,Oklahoma,40,Wagoner,County,145,030300,40145030300,378608105.5,107828.5807,20-Nov-24,Creek Nation
862,T40145030402,Oklahoma,40,Wagoner,County,145,030402,40145030402,123014217.2,48943.86616,20-Nov-24,Creek Nation
863,T40145030512,Oklahoma,40,Wagoner,County,145,030512,40145030512,51790923.77,35927.74598,20-Nov-24,Creek Nation
864,T40145030601,Oklahoma,40,Wagoner,County,145,030601,40145030601,247773814.4,74815.77466,20-Nov-24,Creek Nation
865,T40145030798,Oklahoma,40,Wagoner,County,145,030798,40145030798,486796544.1,120304.6988,20-Nov-24,Creek Nation
866,T40145030800,Oklahoma,40,Wagoner,County,145,030800,40145030800,336669223.1,114067.6936,20-Nov-24,Creek Nation
867,T40147000400,Oklahoma,40,Washington,County,147,000400,40147000400,19167332.49,26145.1362,20-Nov-24,Delaware Tribe of Indians
868,T51009010402,Virginia,51,Amherst,County,009,010402,51009010402,23179198.89,25919.90059,20-Nov-24,Monacan
869,T51097950400,Virginia,51,King and Queen,County,097,950400,51097950400,893025974,221301.6632,20-Nov-24,Rappahannock
870,T51127700301,Virginia,51,New Kent,County,127,700301,51127700301,193775065,86241.73261,20-Nov-24,Chickahominy Indian Tribe -Eastern Division
871,T55009940005,Wisconsin,55,Brown,County,009,940005,55009940005,72533950.3,50851.63035,20-Nov-24,Oneida Nation
872,T55009940006,Wisconsin,55,Brown,County,009,940006,55009940006,126247935.5,84287.6874,20-Nov-24,Oneida Nation
873,T55087940000,Wisconsin,55,Outagamie,County,087,940000,55087940000,309376106.1,79926.74789,20-Nov-24,Oneida Nation
874,T72003430100,Puerto Rico,72,Aguada,Municipio,003,430100,72003430100,15867276.37,27680.49054,20-Nov-24,Puerto Rico
875,T72003430300,Puerto Rico,72,Aguada,Municipio,003,430300,72003430300,2029058.563,8403.234215,20-Nov-24,Puerto Rico
876,T72003430602,Puerto Rico,72,Aguada,Municipio,003,430602,72003430602,9156449.559,15585.92588,20-Nov-24,Puerto Rico
877,T72011810500,Puerto Rico,72,Añasco,Municipio,011,810500,72011810500,13331342.12,27425.40446,20-Nov-24,Puerto Rico
878,T72013300200,Puerto Rico,72,Arecibo,Municipio,013,300200,72013300200,20347570.66,30512.36062,20-Nov-24,Puerto Rico
879,T72013300301,Puerto Rico,72,Arecibo,Municipio,013,300301,72013300301,6327410.218,15749.51704,20-Nov-24,Puerto Rico
880,T72013300500,Puerto Rico,72,Arecibo,Municipio,013,300500,72013300500,618776.084,3975.132229,20-Nov-24,Puerto Rico
881,T72013301400,Puerto Rico,72,Arecibo,Municipio,013,301400,72013301400,983630.0449,5172.925836,20-Nov-24,Puerto Rico
882,T72013301600,Puerto Rico,72,Arecibo,Municipio,013,301600,72013301600,28965248.63,36512.61019,20-Nov-24,Puerto Rico
883,T72015280202,Puerto Rico,72,Arroyo,Municipio,015,280202,72015280202,12462417.9,16582.84994,20-Nov-24,Puerto Rico
884,T72017590200,Puerto Rico,72,Barceloneta,Municipio,017,590200,72017590200,2702457.518,10781.39248,20-Nov-24,Puerto Rico
885,T72023830400,Puerto Rico,72,Cabo Rojo,Municipio,023,830400,72023830400,5533534.036,11403.27412,20-Nov-24,Puerto Rico
886,T72025200400,Puerto Rico,72,Caguas,Municipio,025,200400,72025200400,1964962.085,7345.578093,20-Nov-24,Puerto Rico
887,T72025200500,Puerto Rico,72,Caguas,Municipio,025,200500,72025200500,2000965.332,6154.633189,20-Nov-24,Puerto Rico
888,T72029100101,Puerto Rico,72,Canóvanas,Municipio,029,100101,72029100101,5320198.594,13076.95087,20-Nov-24,Puerto Rico
889,T72029100400,Puerto Rico,72,Canóvanas,Municipio,029,100400,72029100400,4292664.889,10591.11596,20-Nov-24,Puerto Rico
890,T72031050222,Puerto Rico,72,Carolina,Municipio,031,050222,72031050222,1511029.239,5583.054342,20-Nov-24,Puerto Rico
891,T72031050841,Puerto Rico,72,Carolina,Municipio,031,050841,72031050841,4989641.279,11761.64946,20-Nov-24,Puerto Rico
892,T72031050902,Puerto Rico,72,Carolina,Municipio,031,050902,72031050902,4247664.4,11575.92286,20-Nov-24,Puerto Rico
893,T72033020200,Puerto Rico,72,Cataño,Municipio,033,020200,72033020200,841790.209,7917.569098,20-Nov-24,Puerto Rico
894,T72033020428,Puerto Rico,72,Cataño,Municipio,033,020428,72033020428,1978941.899,6688.379115,20-Nov-24,Puerto Rico
895,T72037160201,Puerto Rico,72,Ceiba,Municipio,037,160201,72037160201,4704289.825,14153.15841,20-Nov-24,Puerto Rico
896,T72047530300,Puerto Rico,72,Corozal,Municipio,047,530300,72047530300,2247142.354,6585.065629,20-Nov-24,Puerto Rico
897,T72047530600,Puerto Rico,72,Corozal,Municipio,047,530600,72047530600,46126237.54,38840.81313,20-Nov-24,Puerto Rico
898,T72053150400,Puerto Rico,72,Fajardo,Municipio,053,150400,72053150400,2953994.433,9631.6067,20-Nov-24,Puerto Rico
899,T72054580100,Puerto Rico,72,Florida,Municipio,054,580100,72054580100,28696105.3,23999.27264,20-Nov-24,Puerto Rico
900,T72057270201,Puerto Rico,72,Guayama,Municipio,057,270201,72057270201,26922624.48,64984.91043,20-Nov-24,Puerto Rico
901,T72065310100,Puerto Rico,72,Hatillo,Municipio,065,310100,72065310100,12743663.45,16258.86621,20-Nov-24,Puerto Rico
902,T72069180100,Puerto Rico,72,Humacao,Municipio,069,180100,72069180100,7682320.623,17977.07349,20-Nov-24,Puerto Rico
903,T72069180600,Puerto Rico,72,Humacao,Municipio,069,180600,72069180600,2673103.934,8168.21951,20-Nov-24,Puerto Rico
904,T72069180700,Puerto Rico,72,Humacao,Municipio,069,180700,72069180700,2842006.813,14238.42574,20-Nov-24,Puerto Rico
905,T72077500200,Puerto Rico,72,Juncos,Municipio,077,500200,72077500200,5917042.638,14126.54853,20-Nov-24,Puerto Rico
906,T72079850400,Puerto Rico,72,Lajas,Municipio,079,850400,72079850400,63947488.31,61108.47692,20-Nov-24,Puerto Rico
907,T72087110101,Puerto Rico,72,Loíza,Municipio,087,110101,72087110101,727406.3701,3782.204723,20-Nov-24,Puerto Rico
908,T72089140201,Puerto Rico,72,Luquillo,Municipio,089,140201,72089140201,2068669.455,9631.681769,20-Nov-24,Puerto Rico
909,T72089140300,Puerto Rico,72,Luquillo,Municipio,089,140300,72089140300,21258941.62,25861.99961,20-Nov-24,Puerto Rico
910,T72095951400,Puerto Rico,72,Maunabo,Municipio,095,951400,72095951400,31284998.14,38514.55738,20-Nov-24,Puerto Rico
911,T72097081200,Puerto Rico,72,Mayagüez,Municipio,097,081200,72097081200,1205020.055,5183.375438,20-Nov-24,Puerto Rico
912,T72097082001,Puerto Rico,72,Mayagüez,Municipio,097,082001,72097082001,9200961.196,17142.05925,20-Nov-24,Puerto Rico
913,T72097082012,Puerto Rico,72,Mayagüez,Municipio,097,082012,72097082012,6877467.66,17934.85333,20-Nov-24,Puerto Rico
914,T72097082300,Puerto Rico,72,Mayagüez,Municipio,097,082300,72097082300,826289.6182,4449.193385,20-Nov-24,Puerto Rico
915,T72103170300,Puerto Rico,72,Naguabo,Municipio,103,170300,72103170300,32079063.08,34369.87217,20-Nov-24,Puerto Rico
916,T72103170400,Puerto Rico,72,Naguabo,Municipio,103,170400,72103170400,16613927.28,21564.29714,20-Nov-24,Puerto Rico
917,T72109290200,Puerto Rico,72,Patillas,Municipio,109,290200,72109290200,18419592.39,30817.33422,20-Nov-24,Puerto Rico
918,T72113070100,Puerto Rico,72,Ponce,Municipio,113,070100,72113070100,5764366.753,13614.26307,20-Nov-24,Puerto Rico
919,T72113070503,Puerto Rico,72,Ponce,Municipio,113,070503,72113070503,1369666.45,5878.904154,20-Nov-24,Puerto Rico
920,T72113071500,Puerto Rico,72,Ponce,Municipio,113,071500,72113071500,1221422.604,4594.477022,20-Nov-24,Puerto Rico
921,T72113071601,Puerto Rico,72,Ponce,Municipio,113,071601,72113071601,1459400.747,7577.49981,20-Nov-24,Puerto Rico
922,T72113071602,Puerto Rico,72,Ponce,Municipio,113,071602,72113071602,1375328.73,5736.596233,20-Nov-24,Puerto Rico
923,T72113071800,Puerto Rico,72,Ponce,Municipio,113,071800,72113071800,549134.1816,3323.661128,20-Nov-24,Puerto Rico
924,T72113071900,Puerto Rico,72,Ponce,Municipio,113,071900,72113071900,1644736.836,7211.124756,20-Nov-24,Puerto Rico
925,T72113072101,Puerto Rico,72,Ponce,Municipio,113,072101,72113072101,3797605.937,12879.79107,20-Nov-24,Puerto Rico
926,T72113072202,Puerto Rico,72,Ponce,Municipio,113,072202,72113072202,6299394.951,19353.1732,20-Nov-24,Puerto Rico
927,T72113072300,Puerto Rico,72,Ponce,Municipio,113,072300,72113072300,33304595.95,33242.56221,20-Nov-24,Puerto Rico
928,T72113073009,Puerto Rico,72,Ponce,Municipio,113,073009,72113073009,2787108.563,9280.333371,20-Nov-24,Puerto Rico
929,T72123952800,Puerto Rico,72,Salinas,Municipio,123,952800,72123952800,22819361.6,25530.00366,20-Nov-24,Puerto Rico
930,T72123953200,Puerto Rico,72,Salinas,Municipio,123,953200,72123953200,25617839.59,81056.55858,20-Nov-24,Puerto Rico
931,T72125840500,Puerto Rico,72,San Germán,Municipio,125,840500,72125840500,6035749.583,11458.10026,20-Nov-24,Puerto Rico
932,T72127000600,Puerto Rico,72,San Juan,Municipio,127,000600,72127000600,776001.249,7988.091339,20-Nov-24,Puerto Rico
933,T72127001800,Puerto Rico,72,San Juan,Municipio,127,001800,72127001800,505368.7861,3650.308209,20-Nov-24,Puerto Rico
934,T72127004400,Puerto Rico,72,San Juan,Municipio,127,004400,72127004400,386299.165,2964.467985,20-Nov-24,Puerto Rico
935,T72127008500,Puerto Rico,72,San Juan,Municipio,127,008500,72127008500,861175.9336,4921.871426,20-Nov-24,Puerto Rico
936,T72127980103,Puerto Rico,72,San Juan,Municipio,127,980103,72127980103,700117.7939,4203.268293,20-Nov-24,Puerto Rico
937,T72133953500,Puerto Rico,72,Santa Isabel,Municipio,133,953500,72133953500,37553654.9,37849.49143,20-Nov-24,Puerto Rico
938,T72133953600,Puerto Rico,72,Santa Isabel,Municipio,133,953600,72133953600,25376621.29,34630.25825,20-Nov-24,Puerto Rico
939,T72141957200,Puerto Rico,72,Utuado,Municipio,141,957200,72141957200,49440781.23,44403.60999,20-Nov-24,Puerto Rico
940,T72141957500,Puerto Rico,72,Utuado,Municipio,141,957500,72141957500,2856171.389,8644.332449,20-Nov-24,Puerto Rico
941,T72143550400,Puerto Rico,72,Vega Alta,Municipio,143,550400,72143550400,2293173.582,9427.944088,20-Nov-24,Puerto Rico
942,T72143550500,Puerto Rico,72,Vega Alta,Municipio,143,550500,72143550500,3580653.889,9424.478099,20-Nov-24,Puerto Rico
943,T72145560300,Puerto Rico,72,Vega Baja,Municipio,145,560300,72145560300,14845114.25,20482.89589,20-Nov-24,Puerto Rico
944,,,,,,,,1690T00100,2430709.137,11681.85386,20-Nov-24,Jena Band of Choctaw
945,,,,,,,,2300T00200,95786035.27,192352.4318,20-Nov-24,Mississippi Band of Choctaw Indians
946,,,,,,,,0525T00100,6226506.547,18033.42191,20-Nov-24,Catawba Indian Nation
947,,,,,,,,0635T00100,2428233.098,13918.03796,20-Nov-24,Chitimacha
948,,,,,,,,0695T00100,36624987.68,70511.49218,20-Nov-24,Cocopah
949,,,,,,,,2240T00100,412008652.8,152891.8285,20-Nov-24,Miccosukee Tribe of Indians of Florida
950,,,,,,,,3000T00400,38397354.88,30779.37468,20-Nov-24,Puyallup
951,,,,,,,,1655T00100,7947146.805,62414.91874,20-Nov-24,Jamestown S'Klallam
952,,,,,,,,1550T00100,2246730.563,11280.5293,20-Nov-24,Nottawaseppi Huron Band of the Potawatomi
953,,,,,,,,0110T00100,1792545069,192430.3126,20-Nov-24,Metlakatla Indian Tribe
954,,,,,,,,3000T00500,37979986.92,32991.33512,20-Nov-24,Puyallup
955,,,,,,,,4470T00100,3675073409,581420.7649,20-Nov-24,Ute Mountain
956,,,,,,,,2850T00100,5029000.656,17274.36295,20-Nov-24,Passamaquoddy Tribe at Pleasant Point
957,,,,,,,,2865T00100,2217395.109,18270.56641,20-Nov-24,Poarch Band of Creek Indians
958,,,,,,,,2890T00100,25717095.31,102787.2401,20-Nov-24,Pokagon
959,,,,,,,,0115T00100,9056634.285,32020.41123,20-Nov-24,Mi'kmaq Nation
960,T01003011202,Alabama,01,Baldwin,County,003,011202,01003011202,18266102.34,21730.81751,06-Sep-23,Alabama
961,T01003011503,Alabama,01,Baldwin,County,003,011503,01003011503,33621295.86,24449.93201,06-Sep-23,Alabama
962,T01003011601,Alabama,01,Baldwin,County,003,011601,01003011601,320207451.4,118339.9721,06-Sep-23,Alabama
963,T01053970500,Alabama,01,Escambia,County,053,970500,01053970500,231646856,85547.04963,06-Sep-23,Alabama
964,T01053970700,Alabama,01,Escambia,County,053,970700,01053970700,54942682.96,37507.58916,06-Sep-23,Alabama
965,T01097001200,Alabama,01,Mobile,County,097,001200,01097001200,41470394.36,93589.74685,06-Sep-23,Alabama
966,T02122001300,Alaska,02,Kenai Peninsula,Borough,122,001300,02122001300,18219127227,2478238.661,06-Sep-23,Alaska
967,T04003000203,Arizona,04,Cochise,County,003,000203,04003000203,1260214463,209758.3033,06-Sep-23,Arizona
968,T04003000501,Arizona,04,Cochise,County,003,000501,04003000501,5056590607,440027.091,06-Sep-23,Arizona
969,T04005000800,Arizona,04,Coconino,County,005,000800,04005000800,9794003.688,26889.37446,06-Sep-23,Arizona
970,T04005001500,Arizona,04,Coconino,County,005,001500,04005001500,10334538067,726241.1898,06-Sep-23,Arizona
971,T04007000200,Arizona,04,Gila,County,007,000200,04007000200,798879690.5,282497.8122,06-Sep-23,Arizona
972,T04007001200,Arizona,04,Gila,County,007,001200,04007001200,257927908.8,82363.31664,06-Sep-23,Arizona
973,T04009961100,Arizona,04,Graham,County,009,961100,04009961100,2110949247,355055.9959,06-Sep-23,Arizona
974,T04012940300,Arizona,04,La Paz,County,012,940300,04012940300,1459586232,224615.9967,06-Sep-23,Arizona
975,T04015950101,Arizona,04,Mohave,County,015,950101,04015950101,19122742700,702888.9034,06-Sep-23,Arizona
976,T04019004316,Arizona,04,Pima,County,019,004316,04019004316,3587462525,357674.0469,06-Sep-23,Arizona
977,T04021000802,Arizona,04,Pinal,County,021,000802,04021000802,3432666597,268996.7485,06-Sep-23,Arizona
978,T04021001200,Arizona,04,Pinal,County,021,001200,04021001200,334302603,103256.0203,06-Sep-23,Arizona
979,T04021941200,Arizona,04,Pinal,County,021,941200,04021941200,708042058.1,135850.349,06-Sep-23,Arizona
980,T04021941402,Arizona,04,Pinal,County,021,941402,04021941402,2298175196,233525.1429,06-Sep-23,Arizona
981,T04025000701,Arizona,04,Yavapai,County,025,000701,04025000701,315683884,117642.8057,06-Sep-23,Arizona
982,T05031000602,Arkansas,05,Craighead,County,031,000602,05031000602,6608885.059,13578.56981,06-Sep-23,Arkansas
983,T05075470502,Arkansas,05,Lawrence,County,075,470502,05075470502,31471504.3,26482.37498,06-Sep-23,Arkansas
984,T05093010100,Arkansas,05,Mississippi,County,093,010100,05093010100,5481537.496,10935.55881,06-Sep-23,Arkansas
985,T05093010700,Arkansas,05,Mississippi,County,093,010700,05093010700,999517867.8,240990.6443,06-Sep-23,Arkansas
986,T05093011000,Arkansas,05,Mississippi,County,093,011000,05093011000,37662369.97,39440.68282,06-Sep-23,Arkansas
987,T05111490100,Arkansas,05,Poinsett,County,111,490100,05111490100,619202223.5,168841.9563,06-Sep-23,Arkansas
988,T05123960600,Arkansas,05,St. Francis,County,123,960600,05123960600,61244633.77,44348.28801,06-Sep-23,Arkansas
989,T05147490100,Arkansas,05,Woodruff,County,147,490100,05147490100,1380942049,217146.93,06-Sep-23,Arkansas
990,T06001409000,California,06,Alameda,County,001,409000,06001409000,26821999,42050.96178,06-Sep-23,California
991,T06001432400,California,06,Alameda,County,001,432400,06001432400,10284343.49,21852.17013,06-Sep-23,California
992,T06001438203,California,06,Alameda,County,001,438203,06001438203,8391081.652,19685.73338,06-Sep-23,California
993,T06001441503,California,06,Alameda,County,001,441503,06001441503,114351839.8,140242.0066,06-Sep-23,California
994,T06007001500,California,06,Butte,County,007,001500,06007001500,597235800.5,133079.3474,06-Sep-23,California
995,T06011000100,California,06,Colusa,County,011,000100,06011000100,940811681.6,170306.9489,06-Sep-23,California
996,T06011000400,California,06,Colusa,County,011,000400,06011000400,1811901414,283235.1769,06-Sep-23,California
997,T06029003304,California,06,Kern,County,029,003304,06029003304,2416968392,317394.1117,06-Sep-23,California
998,T06029004500,California,06,Kern,County,029,004500,06029004500,3554702365,283534.8885,06-Sep-23,California
999,T06037207400,California,06,Los Angeles,County,037,207400,06037207400,1269816.969,5588.751091,06-Sep-23,California
1000,T06037504200,California,06,Los Angeles,County,037,504200,06037504200,11243659.56,20362.17395,06-Sep-23,California
1001,T06037532303,California,06,Los Angeles,County,037,532303,06037532303,11039634.11,16930.70579,06-Sep-23,California
1002,T06037532304,California,06,Los Angeles,County,037,532304,06037532304,11810862.28,17722.86238,06-Sep-23,California
1003,T06037541003,California,06,Los Angeles,County,037,541003,06037541003,8798893.258,13531.38932,06-Sep-23,California
1004,T06037980016,California,06,Los Angeles,County,037,980016,06037980016,19629002.97,28803.9744,06-Sep-23,California
1005,T06037980035,California,06,Los Angeles,County,037,980035,06037980035,23265864.43,39539.22538,06-Sep-23,California
1006,T06039001100,California,06,Madera,County,039,001100,06039001100,1596785025,324089.0147,06-Sep-23,California
1007,T06053010606,California,06,Monterey,County,053,010606,06053010606,447722433.4,176386.8445,06-Sep-23,California
1008,T06053014500,California,06,Monterey,County,053,014500,06053014500,21623132.24,26439.18878,06-Sep-23,California
1009,T06055201005,California,06,Napa,County,055,201005,06055201005,63211964.77,40121.47763,06-Sep-23,California
1010,T06059011602,California,06,Orange,County,059,011602,06059011602,8243774.203,13123.9601,06-Sep-23,California
1011,T06059076204,California,06,Orange,County,059,076204,06059076204,9503794.91,14856.5327,06-Sep-23,California
1012,T06065041500,California,06,Riverside,County,065,041500,06065041500,20496345.13,25709.21848,06-Sep-23,California
1013,T06065042209,California,06,Riverside,County,065,042209,06065042209,8128997.871,17404.64862,06-Sep-23,California
1014,T06065042507,California,06,Riverside,County,065,042507,06065042507,7592777.012,13641.85079,06-Sep-23,California
1015,T06065043292,California,06,Riverside,County,065,043292,06065043292,162791263.6,80655.22398,06-Sep-23,California
1016,T06065043813,California,06,Riverside,County,065,043813,06065043813,470251312.1,143884.3871,06-Sep-23,California
1017,T06065046700,California,06,Riverside,County,065,046700,06065046700,48527436.59,42934.85173,06-Sep-23,California
1018,T06067009900,California,06,Sacramento,County,067,009900,06067009900,433477843,137387.696,06-Sep-23,California
1019,T06071001803,California,06,San Bernardino,County,071,001803,06071001803,13426026.74,15131.1042,06-Sep-23,California
1020,T06071002204,California,06,San Bernardino,County,071,002204,06071002204,28186195.75,27488.36441,06-Sep-23,California
1021,T06071002706,California,06,San Bernardino,County,071,002706,06071002706,60688085.54,37259.3212,06-Sep-23,California
1022,T06071007202,California,06,San Bernardino,County,071,007202,06071007202,11152333.1,15641.46828,06-Sep-23,California
1023,T06071007303,California,06,San Bernardino,County,071,007303,06071007303,3929621.797,9095.602894,06-Sep-23,California
1024,T06071007800,California,06,San Bernardino,County,071,007800,06071007800,26179861.83,23000.09366,06-Sep-23,California
1025,T06071012400,California,06,San Bernardino,County,071,012400,06071012400,12855101.22,16866.42087,06-Sep-23,California
1026,T06073019108,California,06,San Diego,County,073,019108,06073019108,284520636.2,127401.9044,06-Sep-23,California
1027,T06073020903,California,06,San Diego,County,073,020903,06073020903,1855796143,283582.7318,06-Sep-23,California
1028,T06073021001,California,06,San Diego,County,073,021001,06073021001,2331009978,298981.1515,06-Sep-23,California
1029,T06073021002,California,06,San Diego,County,073,021002,06073021002,1613076785,209841.1077,06-Sep-23,California
1030,T06073021101,California,06,San Diego,County,073,021101,06073021101,859968660.6,151852.5856,06-Sep-23,California
1031,T06073021102,California,06,San Diego,County,073,021102,06073021102,798143317.8,180393.1678,06-Sep-23,California
1032,T06075011700,California,06,San Francisco,County,075,011700,06075011700,884987.5625,4578.818526,06-Sep-23,California
1033,T06083001800,California,06,Santa Barbara,County,083,001800,06083001800,4489500076,407209.1595,06-Sep-23,California
1034,T06083002503,California,06,Santa Barbara,County,083,002503,06083002503,243566070.2,87135.08439,06-Sep-23,California
1035,T06083003102,California,06,Santa Barbara,County,083,003102,06083003102,757390447.1,166554.7854,06-Sep-23,California
1036,T06085503122,California,06,Santa Clara,County,085,503122,06085503122,5772176.504,10840.3741,06-Sep-23,California
1037,T06085504318,California,06,Santa Clara,County,085,504318,06085504318,6923692.355,16611.06856,06-Sep-23,California
1038,T06101050900,California,06,Sutter,County,101,050900,06101050900,813092788.7,212795.0392,06-Sep-23,California
1039,T06101051000,California,06,Sutter,County,101,051000,06101051000,361298784.1,111919.0466,06-Sep-23,California
1040,T06113011400,California,06,Yolo,County,113,011400,06113011400,942381665.8,185990.1977,06-Sep-23,California
1041,T08063962400,Colorado,08,Kit Carson,County,063,962400,08063962400,6168092274,325913.9454,06-Sep-23,Colorado
1042,T08069001301,Colorado,08,Larimer,County,069,001301,08069001301,96083558.2,50958.90822,06-Sep-23,Colorado
1043,T08069001304,Colorado,08,Larimer,County,069,001304,08069001304,6992544.344,11637.67548,06-Sep-23,Colorado
1044,T08069001306,Colorado,08,Larimer,County,069,001306,08069001306,16589991.88,20389.93867,06-Sep-23,Colorado
1045,T08075966102,Colorado,08,Logan,County,075,966102,08075966102,26257992.23,32754.81414,06-Sep-23,Colorado
1046,T08101003001,Colorado,08,Pueblo,County,101,003001,08101003001,22769826.58,38196.35062,06-Sep-23,Colorado
1047,T08115968300,Colorado,08,Sedgwick,County,115,968300,08115968300,2491282622,208249.6192,06-Sep-23,Colorado
1048,T08125963100,Colorado,08,Yuma,County,125,963100,08125963100,5897873900,375967.0363,06-Sep-23,Colorado
1049,T08125963200,Colorado,08,Yuma,County,125,963200,08125963200,4570081913,365423.7427,06-Sep-23,Colorado
1050,T09001210502,Connecticut,09,Fairfield,County,001,210502,09001210502,26585771.66,30932.01448,06-Sep-23,Connecticut
1051,T10003002700,Delaware,10,New Castle,County,003,002700,10003002700,2293012.195,9476.787681,06-Sep-23,Delaware
1052,T11001007301,District of Columbia,11,District of Columbia, ,001,007301,11001007301,7816173.422,32239.9725,06-Sep-23,District of Columbia
1053,T11001008803,District of Columbia,11,District of Columbia, ,001,008803,11001008803,1932284.305,6859.732118,06-Sep-23,District of Columbia
1054,T12005001302,Florida,12,Bay,County,005,001302,12005001302,17600749.67,24629.63792,06-Sep-23,Florida
1055,T12005001600,Florida,12,Bay,County,005,001600,12005001600,7750817.223,16124.42621,06-Sep-23,Florida
1056,T12009064702,Florida,12,Brevard,County,009,064702,12009064702,17881648.55,22161.79425,06-Sep-23,Florida
1057,T12011010307,Florida,12,Broward,County,011,010307,12011010307,3840131.727,8937.596964,06-Sep-23,Florida
1058,T12011030500,Florida,12,Broward,County,011,030500,12011030500,7985318.814,14572.91183,06-Sep-23,Florida
1059,T12011030601,Florida,12,Broward,County,011,030601,12011030601,7616603.691,14112.35087,06-Sep-23,Florida
1060,T12011042502,Florida,12,Broward,County,011,042502,12011042502,1413997.955,6451.209776,06-Sep-23,Florida
1061,T12011050207,Florida,12,Broward,County,011,050207,12011050207,6015845.313,14945.19083,06-Sep-23,Florida
1062,T12011050208,Florida,12,Broward,County,011,050208,12011050208,9502463.045,15635.44486,06-Sep-23,Florida
1063,T12011110600,Florida,12,Broward,County,011,110600,12011110600,13554813.37,19903.68048,06-Sep-23,Florida
1064,T12015010302,Florida,12,Charlotte,County,015,010302,12015010302,13609541.54,23449.38596,06-Sep-23,Florida
1065,T12021010807,Florida,12,Collier,County,021,010807,12021010807,12169825.93,16936.50628,06-Sep-23,Florida
1066,T12021011108,Florida,12,Collier,County,021,011108,12021011108,57191050.64,33448.09418,06-Sep-23,Florida
1067,T12021011208,Florida,12,Collier,County,021,011208,12021011208,1267012356,211673.6746,06-Sep-23,Florida
1068,T12021011400,Florida,12,Collier,County,021,011400,12021011400,217237056.7,60105.53629,06-Sep-23,Florida
1069,T12027010101,Florida,12,DeSoto,County,027,010101,12027010101,518329802.6,104605.4266,06-Sep-23,Florida
1070,T12051000300,Florida,12,Hendry,County,051,000300,12051000300,1613658457,179002.1706,06-Sep-23,Florida
1071,T12051000601,Florida,12,Hendry,County,051,000601,12051000601,1607777036,219328.3411,06-Sep-23,Florida
1072,T12057012103,Florida,12,Hillsborough,County,057,012103,12057012103,12682341.82,14692.06024,06-Sep-23,Florida
1073,T12061050908,Florida,12,Indian River,County,061,050908,12061050908,985976284.7,170511.1537,06-Sep-23,Florida
1074,T12085001000,Florida,12,Martin,County,085,001000,12085001000,8153470.133,13165.7136,06-Sep-23,Florida
1075,T12086009010,Florida,12,Miami-Dade,County,086,009010,12086009010,27011297.45,22604.97229,06-Sep-23,Florida
1076,T12086009040,Florida,12,Miami-Dade,County,086,009040,12086009040,20281871.82,20531.64199,06-Sep-23,Florida
1077,T12086009102,Florida,12,Miami-Dade,County,086,009102,12086009102,11946202.91,25087.41332,06-Sep-23,Florida
1078,T12086011500,Florida,12,Miami-Dade,County,086,011500,12086011500,3039590145,284926.935,06-Sep-23,Florida
1079,T12099005000,Florida,12,Palm Beach,County,099,005000,12099005000,8628332.928,12336.27579,06-Sep-23,Florida
1080,T12099007100,Florida,12,Palm Beach,County,099,007100,12099007100,6251961.393,10780.59215,06-Sep-23,Florida
1081,T12103026703,Florida,12,Pinellas,County,103,026703,12103026703,6353216.051,10299.66912,06-Sep-23,Florida
1082,T12111380700,Florida,12,St. Lucie,County,111,380700,12111380700,17765986.23,19850.2682,06-Sep-23,Florida
1083,T12111381402,Florida,12,St. Lucie,County,111,381402,12111381402,34110404.06,26248.21797,06-Sep-23,Florida
1084,T12133970103,Florida,12,Washington,County,133,970103,12133970103,80155322.37,37319.60722,06-Sep-23,Florida
1085,T12133970302,Florida,12,Washington,County,133,970302,12133970302,604693817.3,155892.2119,06-Sep-23,Florida
1086,T13031110407,Georgia,13,Bulloch,County,031,110407,13031110407,2672862.254,8827.241254,06-Sep-23,Georgia
1087,T13051004001,Georgia,13,Chatham,County,051,004001,13051004001,7593448.33,13785.22273,06-Sep-23,Georgia
1088,T13051004002,Georgia,13,Chatham,County,051,004002,13051004002,9489953.604,15249.15556,06-Sep-23,Georgia
1089,T13051010504,Georgia,13,Chatham,County,051,010504,13051010504,25527919.9,25479.10651,06-Sep-23,Georgia
1090,T13051010601,Georgia,13,Chatham,County,051,010601,13051010601,8309618.061,13214.65525,06-Sep-23,Georgia
1091,T13051011700,Georgia,13,Chatham,County,051,011700,13051011700,3552925.115,10121.58327,06-Sep-23,Georgia
1092,T13051011900,Georgia,13,Chatham,County,051,011900,13051011900,729829.0918,4131.490109,06-Sep-23,Georgia
1093,T13051980000,Georgia,13,Chatham,County,051,980000,13051980000,22776490.85,22395.83098,06-Sep-23,Georgia
1094,T13179010208,Georgia,13,Liberty,County,179,010208,13179010208,14993915.36,28784.28275,06-Sep-23,Georgia
1095,T13179010302,Georgia,13,Liberty,County,179,010302,13179010302,11103224.31,16965.33356,06-Sep-23,Georgia
1096,T13179010402,Georgia,13,Liberty,County,179,010402,13179010402,29702528.42,26518.95777,06-Sep-23,Georgia
1097,T13179010501,Georgia,13,Liberty,County,179,010501,13179010501,348102251.9,268479.2195,06-Sep-23,Georgia
1098,T13191110300,Georgia,13,McIntosh,County,191,110300,13191110300,379056301.9,323165.8532,06-Sep-23,Georgia
1099,T13253200200,Georgia,13,Seminole,County,253,200200,13253200200,80058674.92,40712.00794,06-Sep-23,Georgia
1100,T13305970300,Georgia,13,Wayne,County,305,970300,13305970300,89396933.69,43152.02161,06-Sep-23,Georgia
1101,T15001020300,Hawaii,15,Hawaii,County,001,020300,15001020300,3721193.141,18407.04543,06-Sep-23,Hawaii
1102,T15001020500,Hawaii,15,Hawaii,County,001,020500,15001020500,7019644.336,12546.81303,06-Sep-23,Hawaii
1103,T15001020600,Hawaii,15,Hawaii,County,001,020600,15001020600,54705656.71,47297.11732,06-Sep-23,Hawaii
1104,T15001021013,Hawaii,15,Hawaii,County,001,021013,15001021013,149581715.2,67691.32492,06-Sep-23,Hawaii
1105,T15001021203,Hawaii,15,Hawaii,County,001,021203,15001021203,2286693592,282975.9226,06-Sep-23,Hawaii
1106,T16001010503,Idaho,16,Ada,County,001,010503,16001010503,1255673863,211139.4517,06-Sep-23,Idaho
1107,T16039960100,Idaho,16,Elmore,County,039,960100,16039960100,10236473787,682406.2362,06-Sep-23,Idaho
1108,T16039960201,Idaho,16,Elmore,County,039,960201,16039960201,2461875676,260778.2616,06-Sep-23,Idaho
1109,T16039960401,Idaho,16,Elmore,County,039,960401,16039960401,1900081210,306005.746,06-Sep-23,Idaho
1110,T16049960100,Idaho,16,Idaho,County,049,960100,16049960100,31986721912,1122363.137,06-Sep-23,Idaho
1111,T17027900500,Illinois,17,Clinton,County,027,900500,17027900500,297342368,140427.5247,06-Sep-23,Illinois
1112,T17031816500,Illinois,17,Cook,County,031,816500,17031816500,6298847.609,14163.22063,06-Sep-23,Illinois
1113,T17049950800,Illinois,17,Effingham,County,049,950800,17049950800,76788221.36,49407.55761,06-Sep-23,Illinois
1114,T17059972800,Illinois,17,Gallatin,County,059,972800,17059972800,685469835,139639.1532,06-Sep-23,Illinois
1115,T17077010300,Illinois,17,Jackson,County,077,010300,17077010300,905654369.5,219569.4149,06-Sep-23,Illinois
1116,T17077010800,Illinois,17,Jackson,County,077,010800,17077010800,48133274.59,42840.39872,06-Sep-23,Illinois
1117,T17081050500,Illinois,17,Jefferson,County,081,050500,17081050500,117372371.8,72409.76738,06-Sep-23,Illinois
1118,T17087977800,Illinois,17,Johnson,County,087,977800,17087977800,498779615.5,122935.2566,06-Sep-23,Illinois
1119,T17119400200,Illinois,17,Madison,County,119,400200,17119400200,22027495.96,25386.22639,06-Sep-23,Illinois
1120,T17119400903,Illinois,17,Madison,County,119,400903,17119400903,100710234,48201.41276,06-Sep-23,Illinois
1121,T17127970100,Illinois,17,Massac,County,127,970100,17127970100,551636481.1,115840.338,06-Sep-23,Illinois
1122,T17127970200,Illinois,17,Massac,County,127,970200,17127970200,8021686.559,19276.6296,06-Sep-23,Illinois
1123,T17127970300,Illinois,17,Massac,County,127,970300,17127970300,415069753.2,90179.76962,06-Sep-23,Illinois
1124,T17127970400,Illinois,17,Massac,County,127,970400,17127970400,15811534.45,21777.45839,06-Sep-23,Illinois
1125,T17145030200,Illinois,17,Perry,County,145,030200,17145030200,241752665.4,92954.66871,06-Sep-23,Illinois
1126,T17153971000,Illinois,17,Pulaski,County,153,971000,17153971000,441673977.3,128938.9466,06-Sep-23,Illinois
1127,T17165955800,Illinois,17,Saline,County,165,955800,17165955800,15369225.35,17229.16152,06-Sep-23,Illinois
1128,T17165955900,Illinois,17,Saline,County,165,955900,17165955900,18419466.11,22517.37962,06-Sep-23,Illinois
1129,T17181950400,Illinois,17,Union,County,181,950400,17181950400,44477488.18,43718.65508,06-Sep-23,Illinois
1130,T17199020201,Illinois,17,Williamson,County,199,020201,17199020201,36802885.11,29935.17275,06-Sep-23,Illinois
1131,T18005010100,Indiana,18,Bartholomew,County,005,010100,18005010100,8460304.969,16222.98609,06-Sep-23,Indiana
1132,T18025951900,Indiana,18,Crawford,County,025,951900,18025951900,237373540.9,115261.7292,06-Sep-23,Indiana
1133,T18071967600,Indiana,18,Jackson,County,071,967600,18071967600,19578100.79,19812.93113,06-Sep-23,Indiana
1134,T18077966400,Indiana,18,Jefferson,County,077,966400,18077966400,46287646.07,37536.56991,06-Sep-23,Indiana
1135,T18119955800,Indiana,18,Owen,County,119,955800,18119955800,94448342.91,62421.90648,06-Sep-23,Indiana
1136,T18143967000,Indiana,18,Scott,County,143,967000,18143967000,21771051.68,25246.76656,06-Sep-23,Indiana
1137,T18163010101,Indiana,18,Vanderburgh,County,163,010101,18163010101,13037841.82,15876.32816,06-Sep-23,Indiana
1138,T18163010102,Indiana,18,Vanderburgh,County,163,010102,18163010102,24121051.1,20805.84925,06-Sep-23,Indiana
1139,T19047070401,Iowa,19,Crawford,County,047,070401,19047070401,42376055.61,38543.39522,06-Sep-23,Iowa
1140,T19113001900,Iowa,19,Linn,County,113,001900,19113001900,3272806.988,9819.005891,06-Sep-23,Iowa
1141,T19113002700,Iowa,19,Linn,County,113,002700,19113002700,4599655.582,9241.51529,06-Sep-23,Iowa
1142,T20009971801,Kansas,20,Barton,County,009,971801,20009971801,557318872.8,141960.5513,06-Sep-23,Kansas
1143,T20019964600,Kansas,20,Chautauqua,County,019,964600,20019964600,2633406735,209343.2913,06-Sep-23,Kansas
1144,T20081463100,Kansas,20,Haskell,County,081,463100,20081463100,2386038681,195287.4678,06-Sep-23,Kansas
1145,T20089576300,Kansas,20,Jewell,County,089,576300,20089576300,4015280327,253747.6869,06-Sep-23,Kansas
1146,T21033920200,Kentucky,21,Caldwell,County,033,920200,21033920200,310487721.2,112314.5214,06-Sep-23,Kentucky
1147,T21035010400,Kentucky,21,Calloway,County,035,010400,21035010400,43544172.71,32918.77137,06-Sep-23,Kentucky
1148,T21071920600,Kentucky,21,Floyd,County,071,920600,21071920600,137963916,72899.44349,06-Sep-23,Kentucky
1149,T21075960100,Kentucky,21,Fulton,County,075,960100,21075960100,345021490.8,97887.89481,06-Sep-23,Kentucky
1150,T21075960200,Kentucky,21,Fulton,County,075,960200,21075960200,582660778.4,158859.5495,06-Sep-23,Kentucky
1151,T21083020100,Kentucky,21,Graves,County,083,020100,21083020100,53595669.63,31038.12495,06-Sep-23,Kentucky
1152,T21105970100,Kentucky,21,Hickman,County,105,970100,21105970100,1020882118,155378.9521,06-Sep-23,Kentucky
1153,T21111004900,Kentucky,21,Jefferson,County,111,004900,21111004900,8321620.285,13599.93343,06-Sep-23,Kentucky
1154,T21145030700,Kentucky,21,McCracken,County,145,030700,21145030700,5741760.355,12052.98108,06-Sep-23,Kentucky
1155,T21191930300,Kentucky,21,Pendleton,County,191,930300,21191930300,387739996.9,112294.7445,06-Sep-23,Kentucky
1156,T21219950200,Kentucky,21,Todd,County,219,950200,21219950200,450439221.8,117484.2119,06-Sep-23,Kentucky
1157,T22005030600,Louisiana,22,Ascension,Parish,005,030600,22005030600,92097583.17,48266.53672,06-Sep-23,Louisiana
1158,T22019001700,Louisiana,22,Calcasieu,Parish,019,001700,22019001700,165030040.9,56992.43975,06-Sep-23,Louisiana
1159,T22051027903,Louisiana,22,Jefferson,Parish,051,027903,22051027903,478473988.6,598056.6687,06-Sep-23,Louisiana
1160,T22055002001,Louisiana,22,Lafayette,Parish,055,002001,22055002001,59366874.24,44597.2161,06-Sep-23,Louisiana
1161,T22103040801,Louisiana,22,St. Tammany,Parish,103,040801,22103040801,6538323.617,10866.11736,06-Sep-23,Louisiana
1162,T22109001702,Louisiana,22,Terrebonne,Parish,109,001702,22109001702,35388046.7,31784.73555,06-Sep-23,Louisiana
1163,T23029955100,Maine,23,Washington,County,029,955100,23029955100,7739113987,541858.1562,06-Sep-23,Maine
1164,T24011955600,Maryland,24,Caroline,County,011,955600,24011955600,146569872.5,74110.69892,06-Sep-23,Maryland
1165,T24019970300,Maryland,24,Dorchester,County,019,970300,24019970300,203493352.9,109653.0269,06-Sep-23,Maryland
1166,T24039930101,Maryland,24,Somerset,County,039,930101,24039930101,172143090.2,65195.38194,06-Sep-23,Maryland
1167,T24039930500,Maryland,24,Somerset,County,039,930500,24039930500,331105750.5,314224.4542,06-Sep-23,Maryland
1168,T24039930600,Maryland,24,Somerset,County,039,930600,24039930600,31630077.35,95352.78497,06-Sep-23,Maryland
1169,T24047951500,Maryland,24,Worcester,County,047,951500,24047951500,115122214.4,55586.99283,06-Sep-23,Maryland
1170,T25001015300,Massachusetts,25,Barnstable,County,001,015300,25001015300,24304044.94,32373.20118,06-Sep-23,Massachusetts
1171,T25025010405,Massachusetts,25,Suffolk,County,025,010405,25025010405,668287.2305,6077.828905,06-Sep-23,Massachusetts
1172,T25025070104,Massachusetts,25,Suffolk,County,025,070104,25025070104,1523863.184,7231.682967,06-Sep-23,Massachusetts
1173,T25025090901,Massachusetts,25,Suffolk,County,025,090901,25025090901,2144519.867,6718.73578,06-Sep-23,Massachusetts
1174,T26087337500,Michigan,26,Lapeer,County,087,337500,26087337500,11846498,22255.78731,06-Sep-23,Michigan
1175,T26111290600,Michigan,26,Midland,County,111,290600,26111290600,43209031.6,31203.64371,06-Sep-23,Michigan
1176,T26117971000,Michigan,26,Montcalm,County,117,971000,26117971000,395566158.7,105733.5921,06-Sep-23,Michigan
1177,T26155030300,Michigan,26,Shiawassee,County,155,030300,26155030300,159416322.2,61188.99249,06-Sep-23,Michigan
1178,T26157000900,Michigan,26,Tuscola,County,157,000900,26157000900,137502399.1,69036.52183,06-Sep-23,Michigan
1179,T26161980101,Michigan,26,Washtenaw,County,161,980101,26161980101,1318212.73,5009.791657,06-Sep-23,Michigan
1180,T26163513200,Michigan,26,Wayne,County,163,513200,26163513200,1697130.711,6402.311722,06-Sep-23,Michigan
1181,T26163513700,Michigan,26,Wayne,County,163,513700,26163513700,5864095.504,19942.90642,06-Sep-23,Michigan
1182,T26163572800,Michigan,26,Wayne,County,163,572800,26163572800,4114539.887,8073.371797,06-Sep-23,Michigan
1183,T26163579600,Michigan,26,Wayne,County,163,579600,26163579600,2501124.52,6291.95789,06-Sep-23,Michigan
1184,T27053104901,Minnesota,27,Hennepin,County,053,104901,27053104901,2992354.746,10869.38036,06-Sep-23,Minnesota
1185,T27053126102,Minnesota,27,Hennepin,County,053,126102,27053126102,3470057.727,10196.30564,06-Sep-23,Minnesota
1186,T27069090100,Minnesota,27,Kittson,County,069,090100,27069090100,3621944086,273767.7497,06-Sep-23,Minnesota
1187,T27105105400,Minnesota,27,Nobles,County,105,105400,27105105400,48186787.98,37175.74141,06-Sep-23,Minnesota
1188,T27147960100,Minnesota,27,Steele,County,147,960100,27147960100,773491582.4,187402.6807,06-Sep-23,Minnesota
1189,T27147960400,Minnesota,27,Steele,County,147,960400,27147960400,34102585.32,36257.48452,06-Sep-23,Minnesota
1190,T28039950101,Mississippi,28,George,County,039,950101,28039950101,368414765.4,83906.20516,06-Sep-23,Mississippi
1191,T28039950102,Mississippi,28,George,County,039,950102,28039950102,306027712.8,83288.63355,06-Sep-23,Mississippi
1192,T28039950200,Mississippi,28,George,County,039,950200,28039950200,19161836.8,24207.09227,06-Sep-23,Mississippi
1193,T28039950303,Mississippi,28,George,County,039,950303,28039950303,199906169.4,104663.6966,06-Sep-23,Mississippi
1194,T28047001800,Mississippi,28,Harrison,County,047,001800,28047001800,13113647.24,26686.18038,06-Sep-23,Mississippi
1195,T28047003208,Mississippi,28,Harrison,County,047,003208,28047003208,29495037.04,33632.72463,06-Sep-23,Mississippi
1196,T28091950400,Mississippi,28,Marion,County,091,950400,28091950400,29309692.89,34154.05947,06-Sep-23,Mississippi
1197,T28131020100,Mississippi,28,Stone,County,131,020100,28131020100,32076488.91,30755.69766,06-Sep-23,Mississippi
1198,T28143950102,Mississippi,28,Tunica,County,143,950102,28143950102,471405484.8,169114.1476,06-Sep-23,Mississippi
1199,T29009960500,Missouri,29,Barry,County,009,960500,29009960500,271990343.8,93057.53489,06-Sep-23,Missouri
1200,T29023950700,Missouri,29,Butler,County,023,950700,29023950700,11535725.77,15207.98386,06-Sep-23,Missouri
1201,T29069360600,Missouri,29,Dunklin,County,069,360600,29069360600,36621585.92,31353.24244,06-Sep-23,Missouri
1202,T29091090700,Missouri,29,Howell,County,091,090700,29091090700,28884481.04,36171.42705,06-Sep-23,Missouri
1203,T29119070300,Missouri,29,McDonald,County,119,070300,29119070300,389275904.8,111422.04,06-Sep-23,Missouri
1204,T29133950200,Missouri,29,Mississippi,County,133,950200,29133950200,47164282.7,31928.7965,06-Sep-23,Missouri
1205,T29133950300,Missouri,29,Mississippi,County,133,950300,29133950300,855306280,196419.9833,06-Sep-23,Missouri
1206,T29133950400,Missouri,29,Mississippi,County,133,950400,29133950400,17435581.26,20880.03497,06-Sep-23,Missouri
1207,T29143960100,Missouri,29,New Madrid,County,143,960100,29143960100,450399010.4,101635.3389,06-Sep-23,Missouri
1208,T29143960300,Missouri,29,New Madrid,County,143,960300,29143960300,63999087.08,57848.62814,06-Sep-23,Missouri
1209,T29143960600,Missouri,29,New Madrid,County,143,960600,29143960600,23545848.27,23461.59905,06-Sep-23,Missouri
1210,T29155470200,Missouri,29,Pemiscot,County,155,470200,29155470200,27611664.37,26187.30814,06-Sep-23,Missouri
1211,T29155470400,Missouri,29,Pemiscot,County,155,470400,29155470400,46780186.82,34451.59911,06-Sep-23,Missouri
1212,T29201780400,Missouri,29,Scott,County,201,780400,29201780400,716547648.8,173000.3951,06-Sep-23,Missouri
1213,T29201780600,Missouri,29,Scott,County,201,780600,29201780600,50533909.39,32548.55285,06-Sep-23,Missouri
1214,T29223690300,Missouri,29,Wayne,County,223,690300,29223690300,271196262.2,115449.9358,06-Sep-23,Missouri
1215,T30081000201,Montana,30,Ravalli,County,081,000201,30081000201,566055512.7,142477.2635,06-Sep-23,Montana
1216,T30081000300,Montana,30,Ravalli,County,081,000300,30081000300,626355909.5,143150.5379,06-Sep-23,Montana
1217,T30081000700,Montana,30,Ravalli,County,081,000700,30081000700,1239967252,257218.3725,06-Sep-23,Montana
1218,T31065963900,Nebraska,31,Furnas,County,065,963900,31065963900,3200799656,227897.1839,06-Sep-23,Nebraska
1219,T31181965100,Nebraska,31,Webster,County,181,965100,31181965100,1122515745,153482.3229,06-Sep-23,Nebraska
1220,T32007951202,Nevada,32,Elko,County,007,951202,32007951202,4912826574,409520.2037,06-Sep-23,Nevada
1221,T32007951700,Nevada,32,Elko,County,007,951700,32007951700,35574760839,1105572.36,06-Sep-23,Nevada
1222,T32013010501,Nevada,32,Humboldt,County,013,010501,32013010501,36221987669,845089.1315,06-Sep-23,Nevada
1223,T32019960902,Nevada,32,Lyon,County,019,960902,32019960902,1268541807,212135.4381,06-Sep-23,Nevada
1224,T32031002204,Nevada,32,Washoe,County,031,002204,32031002204,6789166.391,11283.64815,06-Sep-23,Nevada
1225,T32031003111,Nevada,32,Washoe,County,031,003111,32031003111,34399541.33,35238.36141,06-Sep-23,Nevada
1226,T32031980000,Nevada,32,Washoe,County,031,980000,32031980000,17328893.68,20156.28048,06-Sep-23,Nevada
1227,T33011200400,New Hampshire,33,Hillsborough,County,011,200400,33011200400,3410330.895,9781.410623,06-Sep-23,New Hampshire
1228,T33015065008,New Hampshire,33,Rockingham,County,015,065008,33015065008,10323235.43,31177.41639,06-Sep-23,New Hampshire
1229,T34001002400,New Jersey,34,Atlantic,County,001,002400,34001002400,2642227.492,7508.768353,06-Sep-23,New Jersey
1230,T34001012000,New Jersey,34,Atlantic,County,001,012000,34001012000,10870812.82,17471.56577,06-Sep-23,New Jersey
1231,T34003029200,New Jersey,34,Bergen,County,003,029200,34003029200,5558894.832,13196.94421,06-Sep-23,New Jersey
1232,T34003036200,New Jersey,34,Bergen,County,003,036200,34003036200,8540580.629,18521.31041,06-Sep-23,New Jersey
1233,T34009021300,New Jersey,34,Cape May,County,009,021300,34009021300,7719245.887,18461.22382,06-Sep-23,New Jersey
1234,T34009021400,New Jersey,34,Cape May,County,009,021400,34009021400,5419256.5,19592.98104,06-Sep-23,New Jersey
1235,T34011010200,New Jersey,34,Cumberland,County,011,010200,34011010200,146738677.9,84640.16613,06-Sep-23,New Jersey
1236,T34017012800,New Jersey,34,Hudson,County,017,012800,34017012800,2281712.484,7893.342939,06-Sep-23,New Jersey
1237,T35007950700,New Mexico,35,Colfax,County,007,950700,35007950700,9393035999,611025.1856,06-Sep-23,New Mexico
1238,T35025000502,New Mexico,35,Lea,County,025,000502,35025000502,20992898.43,28188.81127,06-Sep-23,New Mexico
1239,T35025001100,New Mexico,35,Lea,County,025,001100,35025001100,9037965791,457216.9369,06-Sep-23,New Mexico
1240,T35041000401,New Mexico,35,Roosevelt,County,041,000401,35041000401,3747705948,347373.1204,06-Sep-23,New Mexico
1241,T35041000402,New Mexico,35,Roosevelt,County,041,000402,35041000402,5493228741,337754.6377,06-Sep-23,New Mexico
1242,T35043940500,New Mexico,35,Sandoval,County,043,940500,35043940500,6069188.414,12167.61148,06-Sep-23,New Mexico
1243,T36005000100,New York,36,Bronx,County,005,000100,36005000100,2901469.73,7060.535168,06-Sep-23,New York
1244,T36005001903,New York,36,Bronx,County,005,001903,36005001903,1568479.617,9415.292734,06-Sep-23,New York
1245,T36005009000,New York,36,Bronx,County,005,009000,36005009000,1804590.336,11449.72654,06-Sep-23,New York
1246,T36005009302,New York,36,Bronx,County,005,009302,36005009302,3054834.977,10745.99105,06-Sep-23,New York
1247,T36017970300,New York,36,Chenango,County,017,970300,36017970300,5804524.984,17293.32251,06-Sep-23,New York
1248,T36017970400,New York,36,Chenango,County,017,970400,36017970400,4334374.059,10304.05579,06-Sep-23,New York
1249,T36025970402,New York,36,Delaware,County,025,970402,36025970402,12629525.69,15073.26686,06-Sep-23,New York
1250,T36025970601,New York,36,Delaware,County,025,970601,36025970601,155975023.4,69925.50197,06-Sep-23,New York
1251,T36025971200,New York,36,Delaware,County,025,971200,36025971200,458913685.6,102364.2982,06-Sep-23,New York
1252,T36047008500,New York,36,Kings,County,047,008500,36047008500,423906.9805,3198.579232,06-Sep-23,New York
1253,T36047032600,New York,36,Kings,County,047,032600,36047032600,571211.5586,3161.400763,06-Sep-23,New York
1254,T36047032800,New York,36,Kings,County,047,032800,36047032800,404019.2344,3060.051131,06-Sep-23,New York
1255,T36047033000,New York,36,Kings,County,047,033000,36047033000,579487.2734,3755.771698,06-Sep-23,New York
1256,T36047034200,New York,36,Kings,County,047,034200,36047034200,399000.668,2960.235942,06-Sep-23,New York
1257,T36047034800,New York,36,Kings,County,047,034800,36047034800,1021711.953,10726.28816,06-Sep-23,New York
1258,T36047044902,New York,36,Kings,County,047,044902,36047044902,3367302.039,8349.773799,06-Sep-23,New York
1259,T36047054700,New York,36,Kings,County,047,054700,36047054700,296002.1875,2293.592929,06-Sep-23,New York
1260,T36061001501,New York,36,New York,County,061,001501,36061001501,471524.332,3629.805194,06-Sep-23,New York
1261,T36081095400,New York,36,Queens,County,081,095400,36081095400,1387898.113,5851.667471,06-Sep-23,New York
1262,T36081097206,New York,36,Queens,County,081,097206,36081097206,529652.1836,3936.040442,06-Sep-23,New York
1263,T36085002100,New York,36,Richmond,County,085,002100,36085002100,1479236.207,6954.274322,06-Sep-23,New York
1264,T36085011203,New York,36,Richmond,County,085,011203,36085011203,1737850.926,6832.176815,06-Sep-23,New York
1265,T36107020500,New York,36,Tioga,County,107,020500,36107020500,13086526.01,16749.15932,06-Sep-23,New York
1266,T36107020703,New York,36,Tioga,County,107,020703,36107020703,7631042.063,14594.95858,06-Sep-23,New York
1267,T37013930200,North Carolina,37,Beaufort,County,013,930200,37013930200,565894815.8,152691.6295,06-Sep-23,North Carolina
1268,T37013930300,North Carolina,37,Beaufort,County,013,930300,37013930300,14760360.64,28511.95584,06-Sep-23,North Carolina
1269,T37013930400,North Carolina,37,Beaufort,County,013,930400,37013930400,22921370.26,20624.20745,06-Sep-23,North Carolina
1270,T37031970501,North Carolina,37,Carteret,County,031,970501,37031970501,26349508.02,29377.02602,06-Sep-23,North Carolina
1271,T37049960401,North Carolina,37,Craven,County,049,960401,37049960401,73077392.04,38825.02916,06-Sep-23,North Carolina
1272,T37049960600,North Carolina,37,Craven,County,049,960600,37049960600,8303867.496,12279.12605,06-Sep-23,North Carolina
1273,T37055970502,North Carolina,37,Dare,County,055,970502,37055970502,112114300.2,382290.5429,06-Sep-23,North Carolina
1274,T37055970601,North Carolina,37,Dare,County,055,970601,37055970601,31696504.52,50669.57946,06-Sep-23,North Carolina
1275,T37095920101,North Carolina,37,Hyde,County,095,920101,37095920101,1244981062,375465.8122,06-Sep-23,North Carolina
1276,T37095920102,North Carolina,37,Hyde,County,095,920102,37095920102,1446575568,589972.292,06-Sep-23,North Carolina
1277,T37129011502,North Carolina,37,New Hanover,County,129,011502,37129011502,5749485.834,15199.06731,06-Sep-23,North Carolina
1278,T37133002600,North Carolina,37,Onslow,County,133,002600,37133002600,12940316.21,15523.27424,06-Sep-23,North Carolina
1279,T37163970900,North Carolina,37,Sampson,County,163,970900,37163970900,416460150.5,151541.6689,06-Sep-23,North Carolina
1280,T37177960100,North Carolina,37,Tyrrell,County,177,960100,37177960100,1544541144,352962.393,06-Sep-23,North Carolina
1281,T37187950100,North Carolina,37,Washington,County,187,950100,37187950100,502232782.7,130389.5073,06-Sep-23,North Carolina
1282,T38049955600,North Dakota,38,McHenry,County,049,955600,38049955600,6472960894,353569.5577,06-Sep-23,North Dakota
1283,T39001770500,Ohio,39,Adams,County,001,770500,39001770500,652906633.4,134775.2084,06-Sep-23,Ohio
1284,T39001770600,Ohio,39,Adams,County,001,770600,39001770600,205311278.4,92387.46965,06-Sep-23,Ohio
1285,T39013010100,Ohio,39,Belmont,County,013,010100,39013010100,87689015.82,51870.81326,06-Sep-23,Ohio
1286,T39013011000,Ohio,39,Belmont,County,013,011000,39013011000,582775241.2,123524.2402,06-Sep-23,Ohio
1287,T39013012100,Ohio,39,Belmont,County,013,012100,39013012100,3134110.531,13285.88251,06-Sep-23,Ohio
1288,T39015951600,Ohio,39,Brown,County,015,951600,39015951600,253601082.2,91726.11612,06-Sep-23,Ohio
1289,T39015951700,Ohio,39,Brown,County,015,951700,39015951700,126756448.2,60768.66878,06-Sep-23,Ohio
1290,T39017010906,Ohio,39,Butler,County,017,010906,39017010906,14232405.67,18947.98267,06-Sep-23,Ohio
1291,T39017010909,Ohio,39,Butler,County,017,010909,39017010909,19085083.67,24886.82746,06-Sep-23,Ohio
1292,T39017011004,Ohio,39,Butler,County,017,011004,39017011004,24793539.49,29903.71358,06-Sep-23,Ohio
1293,T39017011123,Ohio,39,Butler,County,017,011123,39017011123,32628155.58,23419.57599,06-Sep-23,Ohio
1294,T39049009230,Ohio,39,Franklin,County,049,009230,39049009230,3158434.238,9137.713024,06-Sep-23,Ohio
1295,T39049009420,Ohio,39,Franklin,County,049,009420,39049009420,6976715.184,12115.44664,06-Sep-23,Ohio
1296,T39063000800,Ohio,39,Hancock,County,063,000800,39063000800,4664140.906,11930.57547,06-Sep-23,Ohio
1297,T39105964400,Ohio,39,Meigs,County,105,964400,39105964400,20879649.02,28984.83502,06-Sep-23,Ohio
1298,T39139003100,Ohio,39,Richland,County,139,003100,39139003100,5508841.602,14831.59748,06-Sep-23,Ohio
1299,T39151701800,Ohio,39,Stark,County,151,701800,39151701800,9544418.199,16475.39889,06-Sep-23,Ohio
1300,T39153510301,Ohio,39,Summit,County,153,510301,39153510301,10602284.61,16203.65549,06-Sep-23,Ohio
1301,T39155934000,Ohio,39,Trumbull,County,155,934000,39155934000,28703741.75,25764.00827,06-Sep-23,Ohio
1302,T39167020500,Ohio,39,Washington,County,167,020500,39167020500,3082015.598,9915.080036,06-Sep-23,Ohio
1303,T39167021000,Ohio,39,Washington,County,167,021000,39167021000,34630448.84,49653.79838,06-Sep-23,Ohio
1304,T40009966100,Oklahoma,40,Beckham,County,009,966100,40009966100,163564516.1,74167.6412,06-Sep-23,Oklahoma
1305,T40009966200,Oklahoma,40,Beckham,County,009,966200,40009966200,559495320.7,113782.9477,06-Sep-23,Oklahoma
1306,T40009966800,Oklahoma,40,Beckham,County,009,966800,40009966800,1325364379,208787.5205,06-Sep-23,Oklahoma
1307,T40039960600,Oklahoma,40,Custer,County,039,960600,40039960600,362653221.7,86897.92446,06-Sep-23,Oklahoma
1308,T40077087200,Oklahoma,40,Latimer,County,077,087200,40077087200,724723166.9,154949.8307,06-Sep-23,Oklahoma
1309,T40079040500,Oklahoma,40,Le Flore,County,079,040500,40079040500,925499302.5,210784.5215,06-Sep-23,Oklahoma
1310,T40087400300,Oklahoma,40,McClain,County,087,400300,40087400300,57629517.7,45710.77559,06-Sep-23,Oklahoma
1311,T40097040400,Oklahoma,40,Mayes,County,097,040400,40097040400,478679586,100535.2482,06-Sep-23,Oklahoma
1312,T40109108604,Oklahoma,40,Oklahoma,County,109,108604,40109108604,50250901.59,30890.94565,06-Sep-23,Oklahoma
1313,T40115574600,Oklahoma,40,Ottawa,County,115,574600,40115574600,46777996.39,36292.91315,06-Sep-23,Oklahoma
1314,T40135030202,Oklahoma,40,Sequoyah,County,135,030202,40135030202,641210564.3,166247.217,06-Sep-23,Oklahoma
1315,T41005022108,Oregon,41,Clackamas,County,005,022108,41005022108,14879391.9,26785.5895,06-Sep-23,Oregon
1316,T41007950600,Oregon,41,Clatsop,County,007,950600,41007950600,387389094.5,141804.6501,06-Sep-23,Oregon
1317,T41011000701,Oregon,41,Coos,County,011,000701,41011000701,17669349.9,26835.95364,06-Sep-23,Oregon
1318,T41047001000,Oregon,41,Marion,County,047,001000,41047001000,27504419.19,24879.14011,06-Sep-23,Oregon
1319,T41051007202,Oregon,41,Multnomah,County,051,007202,41051007202,68340571.02,50281.68101,06-Sep-23,Oregon
1320,T41051007300,Oregon,41,Multnomah,County,051,007300,41051007300,64075002.38,41146.10326,06-Sep-23,Oregon
1321,T42029307900,Pennsylvania,42,Chester,County,029,307900,42029307900,80600550.3,58655.98846,06-Sep-23,Pennsylvania
1322,T42039111100,Pennsylvania,42,Crawford,County,039,111100,42039111100,10466415.95,16468.61517,06-Sep-23,Pennsylvania
1323,T42039111600,Pennsylvania,42,Crawford,County,039,111600,42039111600,5974389.52,15531.71731,06-Sep-23,Pennsylvania
1324,T42043020100,Pennsylvania,42,Dauphin,County,043,020100,42043020100,7868737.766,12101.37582,06-Sep-23,Pennsylvania
1325,T42043021100,Pennsylvania,42,Dauphin,County,043,021100,42043021100,11871781.17,23198.03255,06-Sep-23,Pennsylvania
1326,T42043023400,Pennsylvania,42,Dauphin,County,043,023400,42043023400,6617624.395,19794.93851,06-Sep-23,Pennsylvania
1327,T42043023500,Pennsylvania,42,Dauphin,County,043,023500,42043023500,3293151.156,10324.13395,06-Sep-23,Pennsylvania
1328,T42045410700,Pennsylvania,42,Delaware,County,045,410700,42045410700,6737009.664,21114.53979,06-Sep-23,Pennsylvania
1329,T42065950100,Pennsylvania,42,Jefferson,County,065,950100,42065950100,5579052.652,12622.68872,06-Sep-23,Pennsylvania
1330,T42069101400,Pennsylvania,42,Lackawanna,County,069,101400,42069101400,3189582.676,7953.315617,06-Sep-23,Pennsylvania
1331,T42079200400,Pennsylvania,42,Luzerne,County,079,200400,42079200400,1450080.379,5190.822847,06-Sep-23,Pennsylvania
1332,T42081011900,Pennsylvania,42,Lycoming,County,081,011900,42081011900,41605243.4,32938.72113,06-Sep-23,Pennsylvania
1333,T42095011300,Pennsylvania,42,Northampton,County,095,011300,42095011300,26216303.33,32963.18414,06-Sep-23,Pennsylvania
1334,T42101005500,Pennsylvania,42,Philadelphia,County,101,005500,42101005500,2008797.902,8163.670168,06-Sep-23,Pennsylvania
1335,T42101005600,Pennsylvania,42,Philadelphia,County,101,005600,42101005600,1429629.68,4686.587693,06-Sep-23,Pennsylvania
1336,T42101006000,Pennsylvania,42,Philadelphia,County,101,006000,42101006000,1823223.398,5618.722248,06-Sep-23,Pennsylvania
1337,T42101015300,Pennsylvania,42,Philadelphia,County,101,015300,42101015300,800036.8438,3574.325404,06-Sep-23,Pennsylvania
1338,T42101036600,Pennsylvania,42,Philadelphia,County,101,036600,42101036600,4596664.004,13819.80525,06-Sep-23,Pennsylvania
1339,T42101980702,Pennsylvania,42,Philadelphia,County,101,980702,42101980702,5554860.957,9946.804903,06-Sep-23,Pennsylvania
1340,T42101980901,Pennsylvania,42,Philadelphia,County,101,980901,42101980901,20672051.84,33696.88266,06-Sep-23,Pennsylvania
1341,T42115032200,Pennsylvania,42,Susquehanna,County,115,032200,42115032200,176408440.6,53162.6873,06-Sep-23,Pennsylvania
1342,T44009050103,Rhode Island,44,Washington,County,009,050103,44009050103,37111213.2,52498.71629,06-Sep-23,Rhode Island
1343,T45013002107,South Carolina,45,Beaufort,County,013,002107,45013002107,26408035.35,34167.14139,06-Sep-23,South Carolina
1344,T45015020718,South Carolina,45,Berkeley,County,015,020718,45015020718,8074509.094,15610.90396,06-Sep-23,South Carolina
1345,T45019003104,South Carolina,45,Charleston,County,019,003104,45019003104,7178499.998,13400.38381,06-Sep-23,South Carolina
1346,T45019003111,South Carolina,45,Charleston,County,019,003111,45019003111,20180105.89,26942.55629,06-Sep-23,South Carolina
1347,T45019003115,South Carolina,45,Charleston,County,019,003115,45019003115,16712719.51,17415.67926,06-Sep-23,South Carolina
1348,T45019003400,South Carolina,45,Charleston,County,019,003400,45019003400,10473756.91,20369.97725,06-Sep-23,South Carolina
1349,T45035010603,South Carolina,45,Dorchester,County,035,010603,45035010603,24335780.89,20921.43532,06-Sep-23,South Carolina
1350,T45035010700,South Carolina,45,Dorchester,County,035,010700,45035010700,10035309.52,15430.81491,06-Sep-23,South Carolina
1351,T45035010818,South Carolina,45,Dorchester,County,035,010818,45035010818,12300351.99,14488.42807,06-Sep-23,South Carolina
1352,T45051050500,South Carolina,45,Horry,County,051,050500,45051050500,10698420.49,14017.19172,06-Sep-23,South Carolina
1353,T46033965100,South Dakota,46,Custer,County,033,965100,46033965100,7559394987,493258.6249,06-Sep-23,South Dakota
1354,T47037019300,Tennessee,47,Davidson,County,037,019300,47037019300,6138842.031,16942.23855,06-Sep-23,Tennessee
1355,T47045964300,Tennessee,47,Dyer,County,045,964300,47045964300,41752115.89,29110.14421,06-Sep-23,Tennessee
1356,T47053966900,Tennessee,47,Gibson,County,053,966900,47053966900,71787654.9,61189.09948,06-Sep-23,Tennessee
1357,T47095960100,Tennessee,47,Lake,County,095,960100,47095960100,366924025.3,104953.3283,06-Sep-23,Tennessee
1358,T47157009901,Tennessee,47,Shelby,County,157,009901,47157009901,28604630.27,42961.74368,06-Sep-23,Tennessee
1359,T47157010500,Tennessee,47,Shelby,County,157,010500,47157010500,6866009.254,12421.88579,06-Sep-23,Tennessee
1360,T47157020610,Tennessee,47,Shelby,County,157,020610,47157020610,11473900.89,14616.5784,06-Sep-23,Tennessee
1361,T47157021111,Tennessee,47,Shelby,County,157,021111,47157021111,10313616.33,16901.59208,06-Sep-23,Tennessee
1362,T47157022026,Tennessee,47,Shelby,County,157,022026,47157022026,5708913.773,13421.08588,06-Sep-23,Tennessee
1363,T47157022500,Tennessee,47,Shelby,County,157,022500,47157022500,23562587.98,27387.83767,06-Sep-23,Tennessee
1364,T47157022600,Tennessee,47,Shelby,County,157,022600,47157022600,60290173.09,34689.35375,06-Sep-23,Tennessee
1365,T47157980100,Tennessee,47,Shelby,County,157,980100,47157980100,28304860.49,30295.23404,06-Sep-23,Tennessee
1366,T48039662700,Texas,48,Brazoria,County,039,662700,48039662700,282305818.3,109723.111,06-Sep-23,Texas
1367,T48039664200,Texas,48,Brazoria,County,039,664200,48039664200,164642804.2,234497.8943,06-Sep-23,Texas
1368,T48039664501,Texas,48,Brazoria,County,039,664501,48039664501,475057151.9,130236.5592,06-Sep-23,Texas
1369,T48075950100,Texas,48,Childress,County,075,950100,48075950100,2691128519,242182.9189,06-Sep-23,Texas
1370,T48153950600,Texas,48,Floyd,County,153,950600,48153950600,1702510555,187833.6231,06-Sep-23,Texas
1371,T48167721800,Texas,48,Galveston,County,167,721800,48167721800,19321581.46,31202.95503,06-Sep-23,Texas
1372,T48167723900,Texas,48,Galveston,County,167,723900,48167723900,192746410.3,174209.2278,06-Sep-23,Texas
1373,T48167724000,Texas,48,Galveston,County,167,724000,48167724000,28892347.43,64149.54116,06-Sep-23,Texas
1374,T48167724101,Texas,48,Galveston,County,167,724101,48167724101,12756219.1,38155.18883,06-Sep-23,Texas
1375,T48167724400,Texas,48,Galveston,County,167,724400,48167724400,1564089.57,6902.833298,06-Sep-23,Texas
1376,T48167724500,Texas,48,Galveston,County,167,724500,48167724500,1417820.676,4760.744657,06-Sep-23,Texas
1377,T48167725800,Texas,48,Galveston,County,167,725800,48167725800,3593139.168,27751.80518,06-Sep-23,Texas
1378,T48177000200,Texas,48,Gonzales,County,177,000200,48177000200,974300622.8,328390.0551,06-Sep-23,Texas
1379,T48201211700,Texas,48,Harris,County,201,211700,48201211700,5924758.508,11573.71272,06-Sep-23,Texas
1380,T48201212400,Texas,48,Harris,County,201,212400,48201212400,10846381.92,19764.56246,06-Sep-23,Texas
1381,T48201233300,Texas,48,Harris,County,201,233300,48201233300,15985692.8,24914.80363,06-Sep-23,Texas
1382,T48201240101,Texas,48,Harris,County,201,240101,48201240101,2195187.688,7444.725404,06-Sep-23,Texas
1383,T48201240400,Texas,48,Harris,County,201,240400,48201240400,28091643.46,28416.40134,06-Sep-23,Texas
1384,T48201241503,Texas,48,Harris,County,201,241503,48201241503,23729064.92,35485.8954,06-Sep-23,Texas
1385,T48201252500,Texas,48,Harris,County,201,252500,48201252500,53875841.81,39661.42295,06-Sep-23,Texas
1386,T48201320800,Texas,48,Harris,County,201,320800,48201320800,3882399.379,8648.239086,06-Sep-23,Texas
1387,T48201343700,Texas,48,Harris,County,201,343700,48201343700,54563508.17,42249.58971,06-Sep-23,Texas
1388,T48201350500,Texas,48,Harris,County,201,350500,48201350500,7768568.156,12676.87317,06-Sep-23,Texas
1389,T48201421501,Texas,48,Harris,County,201,421501,48201421501,1160701.359,6513.869285,06-Sep-23,Texas
1390,T48201422800,Texas,48,Harris,County,201,422800,48201422800,3059051.348,7344.780235,06-Sep-23,Texas
1391,T48201422900,Texas,48,Harris,County,201,422900,48201422900,2168101.773,6991.352075,06-Sep-23,Texas
1392,T48201534203,Texas,48,Harris,County,201,534203,48201534203,5663293.711,11075.73738,06-Sep-23,Texas
1393,T48209010302,Texas,48,Hays,County,209,010302,48209010302,10351880.41,16245.13395,06-Sep-23,Texas
1394,T48245006900,Texas,48,Jefferson,County,245,006900,48245006900,66163534.34,55733.23956,06-Sep-23,Texas
1395,T48245007002,Texas,48,Jefferson,County,245,007002,48245007002,14263274.82,21665.2366,06-Sep-23,Texas
1396,T48245007004,Texas,48,Jefferson,County,245,007004,48245007004,4309561.031,9640.080949,06-Sep-23,Texas
1397,T48347950200,Texas,48,Nacogdoches,County,347,950200,48347950200,808103618.4,178078.1551,06-Sep-23,Texas
1398,T48361020200,Texas,48,Orange,County,361,020200,48361020200,13548124.07,20705.82469,06-Sep-23,Texas
1399,T48361020300,Texas,48,Orange,County,361,020300,48361020300,66517628.12,57552.14759,06-Sep-23,Texas
1400,T48369950300,Texas,48,Parmer,County,369,950300,48369950300,2016907205,211598.0448,06-Sep-23,Texas
1401,T49035111500,Utah,49,Salt Lake,County,035,111500,49035111500,13132556.35,16961.71856,06-Sep-23,Utah
1402,T49053270102,Utah,49,Washington,County,053,270102,49053270102,2420752842,239663.673,06-Sep-23,Utah
1403,T49057200302,Utah,49,Weber,County,057,200302,49057200302,13963454.15,18270.09894,06-Sep-23,Utah
1404,T50023955200,Vermont,50,Washington,County,023,955200,50023955200,13092186.23,19015.67318,06-Sep-23,Vermont
1405,T51001090402,Virginia,51,Accomack,County,001,090402,51001090402,176755863,197103.5885,06-Sep-23,Virginia
1406,T51001090700,Virginia,51,Accomack,County,001,090700,51001090700,248911483,246204.1646,06-Sep-23,Virginia
1407,T51001090800,Virginia,51,Accomack,County,001,090800,51001090800,330088876.2,610744.3973,06-Sep-23,Virginia
1408,T51057950700,Virginia,51,Essex,County,057,950700,51057950700,108796530,59062.64861,06-Sep-23,Virginia
1409,T51119951100,Virginia,51,Middlesex,County,119,951100,51119951100,97967343.95,81910.43043,06-Sep-23,Virginia
1410,T51131930100,Virginia,51,Northampton,County,131,930100,51131930100,211398943.8,312174.5882,06-Sep-23,Virginia
1411,T51131930301,Virginia,51,Northampton,County,131,930301,51131930301,57845171.99,101486.6798,06-Sep-23,Virginia
1412,T51133020100,Virginia,51,Northumberland,County,133,020100,51133020100,209564038.1,209519.6536,06-Sep-23,Virginia
1413,T51159040100,Virginia,51,Richmond,County,159,040100,51159040100,572470331.2,200438.5151,06-Sep-23,Virginia
1414,T51199050900,Virginia,51,York,County,199,050900,51199050900,91578876.84,58896.94231,06-Sep-23,Virginia
1415,T51650010601,Virginia,51,Hampton,City,650,010601,51650010601,2992528.355,8353.721088,06-Sep-23,Virginia
1416,T51700032128,Virginia,51,Newport News,City,700,032128,51700032128,9922589.75,13496.30958,06-Sep-23,Virginia
1417,T51710004900,Virginia,51,Norfolk,City,710,004900,51710004900,2354062.992,8910.536501,06-Sep-23,Virginia
1418,T53027000900,Washington,53,Grays Harbor,County,027,000900,53027000900,52412446.55,50632.40326,06-Sep-23,Washington
1419,T53027001200,Washington,53,Grays Harbor,County,027,001200,53027001200,7397364.961,16699.18207,06-Sep-23,Washington
1420,T53027001300,Washington,53,Grays Harbor,County,027,001300,53027001300,90924332.34,72747.5819,06-Sep-23,Washington
1421,T53027001500,Washington,53,Grays Harbor,County,027,001500,53027001500,57125075.36,64086.96506,06-Sep-23,Washington
1422,T53033005303,Washington,53,King,County,033,005303,53033005303,7008496.914,11217.19492,06-Sep-23,Washington
1423,T53033009300,Washington,53,King,County,033,009300,53033009300,20733927.19,25420.25002,06-Sep-23,Washington
1424,T53033025302,Washington,53,King,County,033,025302,53033025302,14160330.73,26925.66194,06-Sep-23,Washington
1425,T53033026200,Washington,53,King,County,033,026200,53033026200,34754443.94,26139.70309,06-Sep-23,Washington
1426,T53033029206,Washington,53,King,County,033,029206,53033029206,38178661.32,31205.7396,06-Sep-23,Washington
1427,T53033030501,Washington,53,King,County,033,030501,53033030501,24829476.96,22770.11555,06-Sep-23,Washington
1428,T53033030801,Washington,53,King,County,033,030801,53033030801,15184617.41,23716.40159,06-Sep-23,Washington
1429,T53053060200,Washington,53,Pierce,County,053,060200,53053060200,34360820.15,99330.07151,06-Sep-23,Washington
1430,T53053062600,Washington,53,Pierce,County,053,062600,53053062600,15070892.39,28059.38423,06-Sep-23,Washington
1431,T53053940002,Washington,53,Pierce,County,053,940002,53053940002,29452378.6,30730.7311,06-Sep-23,Washington
1432,T53059950100,Washington,53,Skamania,County,059,950100,53059950100,7494242024,468496.2835,06-Sep-23,Washington
1433,T54045956200,West Virginia,54,Logan,County,045,956200,54045956200,103309271.7,69047.69977,06-Sep-23,West Virginia
1434,T54045956400,West Virginia,54,Logan,County,045,956400,54045956400,300861767.2,97130.12953,06-Sep-23,West Virginia
1435,T54047953800,West Virginia,54,McDowell,County,047,953800,54047953800,246116614.4,100199.2985,06-Sep-23,West Virginia
1436,T54047954503,West Virginia,54,McDowell,County,047,954503,54047954503,210980027.7,80006.55874,06-Sep-23,West Virginia
1437,T54047954504,West Virginia,54,McDowell,County,047,954504,54047954504,544512530.6,155816.3712,06-Sep-23,West Virginia
1438,T54081001200,West Virginia,54,Raleigh,County,081,001200,54081001200,674494859.2,141378.8248,06-Sep-23,West Virginia
1439,T55023960100,Wisconsin,55,Crawford,County,023,960100,55023960100,674636259.1,111014.4393,06-Sep-23,Wisconsin
1440,T55121100600,Wisconsin,55,Trempealeau,County,121,100600,55121100600,378189359.2,124788.7013,06-Sep-23,Wisconsin
1441,T55123960200,Wisconsin,55,Vernon,County,123,960200,55123960200,687175623.7,141416.0283,06-Sep-23,Wisconsin
1442,T56023978002,Wyoming,56,Lincoln,County,023,978002,56023978002,6893170692,609669.7564,06-Sep-23,Wyoming
1443,T66010951901,Guam,66,Guam,,010,951901,66010951901,1209768.021,4901.845697,02-Aug-24,Guam
1444,T66010951902,Guam,66,Guam,,010,951902,66010951902,7966709.555,21654.60708,02-Aug-24,Guam
1445,T66010954800,Guam,66,Guam,,010,954800,66010954800,13506130.59,22145.01173,02-Aug-24,Guam
1446,T66010955300,Guam,66,Guam,,010,955300,66010955300,17204796.61,29656.42573,02-Aug-24,Guam
1447,T66010955400,Guam,66,Guam,,010,955400,66010955400,17164933.77,27378.47495,02-Aug-24,Guam
1448,T66010956000,Guam,66,Guam,,010,956000,66010956000,2337102.764,8905.490953,02-Aug-24,Guam
1449,T69100950100,CNMI,69,Rota,Municipality,100,950100,69100950100,91068855.21,59616.47321,02-Aug-24,CNMI
1450,T69110000400,CNMI,69,Saipan,Municipality,110,000400,69110000400,1349702.264,6924.828702,02-Aug-24,CNMI
1451,T69110001400,CNMI,69,Saipan,Municipality,110,001400,69110001400,5874867.57,14382.97574,02-Aug-24,CNMI
1452,T72005400502,Puerto Rico,72,Aguadilla,Municipio,005,400502,72005400502,5701028.763,10761.9371,02-Aug-24,Puerto Rico
1453,T72005401500,Puerto Rico,72,Aguadilla,Municipio,005,401500,72005401500,1794777.731,10661.91812,02-Aug-24,Puerto Rico
1454,T72009250500,Puerto Rico,72,Aibonito,Municipio,009,250500,72009250500,6331749.85,14667.78077,02-Aug-24,Puerto Rico
1455,T72013301300,Puerto Rico,72,Arecibo,Municipio,013,301300,72013301300,1243242.624,4961.197414,02-Aug-24,Puerto Rico
1456,T72017590100,Puerto Rico,72,Barceloneta,Municipio,017,590100,72017590100,22309437.54,24407.6502,02-Aug-24,Puerto Rico
1457,T72017590300,Puerto Rico,72,Barceloneta,Municipio,017,590300,72017590300,11083834.45,25377.5105,02-Aug-24,Puerto Rico
1458,T72021030101,Puerto Rico,72,Bayamón,Municipio,021,030101,72021030101,9054985.055,14400.5059,02-Aug-24,Puerto Rico
1459,T72021030300,Puerto Rico,72,Bayamón,Municipio,021,030300,72021030300,2351316.811,8908.011599,02-Aug-24,Puerto Rico
1460,T72021031612,Puerto Rico,72,Bayamón,Municipio,021,031612,72021031612,1122341.219,4643.563084,02-Aug-24,Puerto Rico
1461,T72021031701,Puerto Rico,72,Bayamón,Municipio,021,031701,72021031701,3379673.913,10626.35652,02-Aug-24,Puerto Rico
1462,T72023830607,Puerto Rico,72,Cabo Rojo,Municipio,023,830607,72023830607,54120788.29,41135.67536,02-Aug-24,Puerto Rico
1463,T72035260202,Puerto Rico,72,Cayey,Municipio,035,260202,72035260202,5589409.899,12689.0192,02-Aug-24,Puerto Rico
1464,T72037160400,Puerto Rico,72,Ceiba,Municipio,037,160400,72037160400,47700274.42,75901.61922,02-Aug-24,Puerto Rico
1465,T72053150302,Puerto Rico,72,Fajardo,Municipio,053,150302,72053150302,1545037.895,6721.276373,02-Aug-24,Puerto Rico
1466,T72057270800,Puerto Rico,72,Guayama,Municipio,057,270800,72057270800,2614418.293,7098.779676,02-Aug-24,Puerto Rico
1467,T72059740400,Puerto Rico,72,Guayanilla,Municipio,059,740400,72059740400,44318509.72,54285.38357,02-Aug-24,Puerto Rico
1468,T72077500401,Puerto Rico,72,Juncos,Municipio,077,500401,72077500401,6763760.574,12797.97127,02-Aug-24,Puerto Rico
1469,T72097081501,Puerto Rico,72,Mayagüez,Municipio,097,081501,72097081501,5024029.675,13324.50137,02-Aug-24,Puerto Rico
1470,T72097082102,Puerto Rico,72,Mayagüez,Municipio,097,082102,72097082102,2303006.695,6995.155553,02-Aug-24,Puerto Rico
1471,T72099420100,Puerto Rico,72,Moca,Municipio,099,420100,72099420100,42786581.36,32953.14447,02-Aug-24,Puerto Rico
1472,T72099420200,Puerto Rico,72,Moca,Municipio,099,420200,72099420200,8661159.209,16824.54629,02-Aug-24,Puerto Rico
1473,T72099420500,Puerto Rico,72,Moca,Municipio,099,420500,72099420500,37952117.45,42255.46485,02-Aug-24,Puerto Rico
1474,T72105520500,Puerto Rico,72,Naranjito,Municipio,105,520500,72105520500,26553400.77,27100.18619,02-Aug-24,Puerto Rico
1475,T72113071200,Puerto Rico,72,Ponce,Municipio,113,071200,72113071200,1274804.879,5364.804093,02-Aug-24,Puerto Rico
1476,T72113072400,Puerto Rico,72,Ponce,Municipio,113,072400,72113072400,12695080.27,18283.38316,02-Aug-24,Puerto Rico
1477,T72127004700,Puerto Rico,72,San Juan,Municipio,127,004700,72127004700,1800444.149,6209.164912,02-Aug-24,Puerto Rico
1478,T72127008900,Puerto Rico,72,San Juan,Municipio,127,008900,72127008900,611231.7363,3900.259485,02-Aug-24,Puerto Rico
1479,T72147950500,Puerto Rico,72,Vieques,Municipio,147,950500,72147950500,75278368.29,58008.2611,02-Aug-24,Puerto Rico
1480,T72147950600,Puerto Rico,72,Vieques,Municipio,147,950600,72147950600,74009644.13,94121.37058,02-Aug-24,Puerto Rico
1481,T78010970200,USVI,78,St. Croix,Island,010,970200,78010970200,6792034.772,16197.31935,02-Aug-24,USVI
1482,T78010970300,USVI,78,St. Croix,Island,010,970300,78010970300,5739876.108,13554.42313,02-Aug-24,USVI
1483,T78010971100,USVI,78,St. Croix,Island,010,971100,78010971100,11357462.72,20452.35179,02-Aug-24,USVI
1484,T78010971400,USVI,78,St. Croix,Island,010,971400,78010971400,26431669.05,42176.10764,02-Aug-24,USVI
1485,,,,,,,,0010T00100,2320279319,663146.0257,02-Aug-24,Acoma Pueblo
1486,,,,,,,,40021978302,410900467.2,93929.3809,02-Aug-24,Cherokee OTSA
1487,,,,,,,,51036600200,180269470.9,81119.15229,02-Aug-24,Chickahominy TDSA
1488,,,,,,,,40143006703,15586791.21,22685.65562,02-Aug-24,Creek Nation
1489,,,,,,,,40143007650,3606095.813,8754.6297,02-Aug-24,Creek Nation
1490,,,,,,,,40111000200,30303777.36,30480.55298,02-Aug-24,Creek Nation
1491,,,,,,,,40111000100,15812663.17,15957.11726,02-Aug-24,Creek Nation
1492,,,,,,,,2360T00100,205420836,200192.646,02-Aug-24,Morongo Reservation
1493,,,,,,,,2595T00200,641159404.5,154580.3515,02-Aug-24,Osage Reservation
1494,,,,,,,,2595T00900,1255285046,218146.2185,02-Aug-24,Osage Reservation
1495,,,,,,,,40103956600,1184664332,203877.3076,02-Aug-24,Otoe-Missouria OTSA
1496,,,,,,,,51101950200,444186952.1,150547.1236,02-Aug-24,Pamunkey
1497,,,,,,,,2810T00400,2145754618,232359.7662,02-Aug-24,Pine Ridge Reservation
1498,,,,,,,,3320T00100,108596821.4,54868.45519,02-Aug-24,St. Regis Mohawk Reservation
1499,,,,,,,,3970T00200,9022649904,794520.1989,02-Aug-24,Standing Rock Reservation
1500,,,,,,,,4315T00100,4311172.273,17835.37585,02-Aug-24,Tunica-Biloxi Reservation
1501,,,,,,,,40015161602,868689211.6,206099.1369,02-Aug-24,Caddo Nation
1502,,,,,,,,40015162102,72030295.29,41524.42756,02-Aug-24,Caddo Nation
1503,,,,,,,,40015162000,1111045956,254810.6988,02-Aug-24,Caddo Nation
1504,,,,,,,,40015162101,76380308.4,42714.70959,02-Aug-24,Wichita and Affiliated Tribes
1505,,,,,,,,40015161601,168144524.6,69440.53911,02-Aug-24,Wichita and Affiliated Tribes
1506,,,,,,,,40015161700,594187241.8,117345.3141,02-Aug-24,Wichita and Affiliated Tribes
1507,,,,,,,,02050000200,2490793342,323648.4686,02-Aug-24,Orutsararmiut Traditional Native Council
1508,,,,,,,,22003950502,250726156.2,95259.54813,02-Aug-24,Coushatta Reservation
1509,,,,,,,,4610T00200,7894857.539,14147.70257,20-Nov-24,Northern Arapaho
1510,,,,,,,,4610T00100,1278444918,169439.7834,20-Nov-24,Northern Arapaho
1511,,,,,,,,4610T00300,1095779964,175675.1485,20-Nov-24,Eastern Shoshone
1512,,,,,,,,4610T00500,4926860078,337295.0208,20-Nov-24,Eastern Shoshone
1513,T02240000100,Alaska,02,Southeast Fairbanks,,,,02240000100,2.42647E+11,3703283.714,10-Jan-25,Northway Village
1514,T06003010000,California,06,Alpine,,,,06003010000,3156006665,275565.457,10-Jan-25,Woodfords Community
1515,T32005002400,Nevada,32,Douglas,,,,32005002400,611765501.7,197448.3951,10-Jan-25,Dresslerville Community
1516,T32510000300,Nevada,32,Carson City,,,,32510000300,194499615.3,70928.76397,10-Jan-25,Carson Colony
1517,T51101950102,Virginia,51,King William,,,,51101950102,314653008,131151.4349,10-Jan-25,Upper Mattaponi Tribe
1518,,Nevada,32,,,,,3980T00100,19027113.34,60195.73925,10-Jan-25,Stewart Community
1519,,Nebraska,31,,,,,3565T00100,886034221.6,121088.6612,10-Jan-25,Santee Reservation
1520,,South Dakota,46,,,,,1860T00100,2424619179,301575.9794,10-Jan-25,Sisseton Wahpeton Oyate
1521,,"Nevada, California",32,,,,,4560T00100,624931626,667712.3096,10-Jan-25,Washoe Ranches
1522,,South Dakota,46,,,,,4700T00200,1784605826,196918.3754,10-Jan-25,Yankton Sioux Tribe
1524,,New Mexico,35,,,,,3585T00100,416750175.2,107998.873,10-Jan-25,Santo Domingo Pueblo
1525,T40001376700,Oklahoma,40,Adair,County,,,40001376700,555736345.4,119418.5157,10-Jan-25,Cherokee OTSA
1526,T40001376800,Oklahoma,40,Adair,County,,,40001376800,731461061.5,144735.1273,10-Jan-25,Cherokee OTSA
1527,T40001376900,Oklahoma,40,Adair,County,,,40001376900,61053841.88,39717.85704,10-Jan-25,Cherokee OTSA
1528,T40001377000,Oklahoma,40,Adair,County,,,40001377000,613756630.5,127506.887,10-Jan-25,Cherokee OTSA
1529,T40011958700,Oklahoma,40,Blaine,County,,,40011958700,553596826,108693.2247,10-Jan-25,Cheyenne and Arapaho
1530,T40011958900,Oklahoma,40,Blaine,County,,,40011958900,105273313.9,50838.52898,10-Jan-25,Cheyenne and Arapaho
1531,T40011959000,Oklahoma,40,Blaine,County,,,40011959000,827339241.9,124097.8525,10-Jan-25,Cheyenne and Arapaho
1532,T40017300100,Oklahoma,40,Canadian,County,,,40017300100,1093584669,161298.093,10-Jan-25,Cheyenne and Arapaho
1533,T40017300202,Oklahoma,40,Canadian,County,,,40017300202,696336058.7,141014.4872,10-Jan-25,Cheyenne and Arapaho
1534,T40017300702,Oklahoma,40,Canadian,County,,,40017300702,605017267.8,125467.3032,10-Jan-25,Cheyenne and Arapaho
1535,T40021977600,Oklahoma,40,Cherokee,County,,,40021977600,715222302.6,135207.1146,10-Jan-25,Cherokee OTSA
1536,T40021977702,Oklahoma,40,Cherokee,County,,,40021977702,350092352.7,102571.8559,10-Jan-25,Cherokee OTSA
1537,T40021977801,Oklahoma,40,Cherokee,County,,,40021977801,92959459.77,60514.5145,10-Jan-25,Cherokee OTSA
1538,T40021977802,Oklahoma,40,Cherokee,County,,,40021977802,123474157.7,77642.30237,10-Jan-25,Cherokee OTSA
1539,T40021977901,Oklahoma,40,Cherokee,County,,,40021977901,67168229.18,48724.21525,10-Jan-25,Cherokee OTSA
1540,T40021977902,Oklahoma,40,Cherokee,County,,,40021977902,18007220.68,18491.20165,10-Jan-25,Cherokee OTSA
1541,T40021978000,Oklahoma,40,Cherokee,County,,,40021978000,13634132.58,18897.48624,10-Jan-25,Cherokee OTSA
1542,T40021978100,Oklahoma,40,Cherokee,County,,,40021978100,23020663.46,24086.64067,10-Jan-25,Cherokee OTSA
1543,T40021978201,Oklahoma,40,Cherokee,County,,,40021978201,402258753.4,138221.0824,10-Jan-25,Cherokee OTSA
1544,T40021978301,Oklahoma,40,Cherokee,County,,,40021978301,163834288.3,85152.30949,10-Jan-25,Cherokee OTSA
1545,T40035373300,Oklahoma,40,Craig,County,,,40035373300,51557064.46,42277.10872,10-Jan-25,Cherokee OTSA
1546,T40035373400,Oklahoma,40,Craig,County,,,40035373400,62909990.48,52206.28688,10-Jan-25,Cherokee OTSA
1547,T40039950800,Oklahoma,40,Custer,County,,,40039950800,182443720.4,54817.44955,10-Jan-25,Cheyenne and Arapaho
1548,T40039961000,Oklahoma,40,Custer,County,,,40039961000,2433826827,273014.6717,10-Jan-25,Cheyenne and Arapaho
1549,T40041375806,Oklahoma,40,Delaware,County,,,40041375806,35023492.62,32676.43779,10-Jan-25,Cherokee OTSA
1550,T40041376000,Oklahoma,40,Delaware,County,,,40041376000,562869530.4,126088.3219,10-Jan-25,Cherokee OTSA
1551,T40041376100,Oklahoma,40,Delaware,County,,,40041376100,744219116.7,128289.569,10-Jan-25,Cherokee OTSA
1552,T40041976200,Oklahoma,40,Delaware,County,,,40041976200,503092701.5,126435.0998,10-Jan-25,Cherokee OTSA
1553,T40043959100,Oklahoma,40,Dewey,County,,,40043959100,1363889310,182987.7293,10-Jan-25,Cheyenne and Arapaho
1554,T40073958300,Oklahoma,40,Kingfisher,County,,,40073958300,130032994,48248.76941,10-Jan-25,Cheyenne and Arapaho
1555,T40097040300,Oklahoma,40,Mayes,County,,,40097040300,299930263.2,128553.4157,10-Jan-25,Cherokee OTSA
1556,T40097040600,Oklahoma,40,Mayes,County,,,40097040600,263479630.6,75069.20019,10-Jan-25,Cherokee OTSA
1557,T40101001301,Oklahoma,40,Muskogee,County,,,40101001301,53158166.89,45250.40343,10-Jan-25,Cherokee OTSA
1558,T40101001401,Oklahoma,40,Muskogee,County,,,40101001401,47774859.2,32111.90389,10-Jan-25,Cherokee OTSA
1559,T40101001501,Oklahoma,40,Muskogee,County,,,40101001501,473617952.5,132034.8415,10-Jan-25,Cherokee OTSA
1560,T40105172100,Oklahoma,40,Nowata,County,,,40105172100,428661969.3,144411.2035,10-Jan-25,Cherokee OTSA
1561,T40105172400,Oklahoma,40,Nowata,County,,,40105172400,147473755.5,67535.84735,10-Jan-25,Cherokee OTSA
1562,T40115574100,Oklahoma,40,Ottawa,County,,,40115574100,553837643.9,133933.8779,10-Jan-25,Quapaw
1563,T40131050104,Oklahoma,40,Rogers,County,,,40131050104,3019382.336,8452.290803,10-Jan-25,Cherokee OTSA
1564,T40131050105,Oklahoma,40,Rogers,County,,,40131050105,32065648.59,25663.21314,10-Jan-25,Cherokee OTSA
1565,T40131050202,Oklahoma,40,Rogers,County,,,40131050202,3564819.461,7913.427577,10-Jan-25,Cherokee OTSA
1566,T40131050407,Oklahoma,40,Rogers,County,,,40131050407,56194817.22,30570.23279,10-Jan-25,Cherokee OTSA
1567,T40131050408,Oklahoma,40,Rogers,County,,,40131050408,39316669.31,29055.18143,10-Jan-25,Cherokee OTSA
1568,T40131050604,Oklahoma,40,Rogers,County,,,40131050604,196163276,70204.40842,10-Jan-25,Cherokee OTSA
1569,T40135030101,Oklahoma,40,Sequoyah,County,,,40135030101,589579533.5,125353.8639,10-Jan-25,Cherokee OTSA
1570,T40135030105,Oklahoma,40,Sequoyah,County,,,40135030105,510426716.3,115322.1061,10-Jan-25,Cherokee OTSA
1571,T40135030106,Oklahoma,40,Sequoyah,County,,,40135030106,23191795.43,25897.49763,10-Jan-25,Cherokee OTSA
1572,T40135030301,Oklahoma,40,Sequoyah,County,,,40135030301,23488662.57,23957.40816,10-Jan-25,Cherokee OTSA
1573,T40135030303,Oklahoma,40,Sequoyah,County,,,40135030303,6175221.945,10585.79612,10-Jan-25,Cherokee OTSA
1574,T40143005403,Oklahoma,40,Tulsa,County,,,40143005403,14033489.93,14716.2379,10-Jan-25,Cherokee OTSA
1575,T40147000602,Oklahoma,40,Washington,County,,,40147000602,16053305.22,16013.54798,10-Jan-25,Cherokee OTSA
1576,T40147001300,Oklahoma,40,Washington,County,,,40147001300,690327568.8,114746.3284,10-Jan-25,Cherokee OTSA
1577,T40153953200,Oklahoma,40,Woodward,County,,,40153953200,2643547148,343854.8894,10-Jan-25,Cheyenne and Arapaho
1578,,New Mexico,35,,,,,4140T00100,626662190.5,194773.106,10-Jan-25,Taos Pueblo
